idx,v_max,a_max,w_safety,k_steer,q_r_ratio,exec_time,collision_risk,is_knee,is_knee_fixed_norm
0,2.9994957522643357,1.9960557192811148,0.1153399501990231,0.5082609417837076,996.9924589823851,38.48507138816428,45.79798982390252,0,0
1,0.500158551928114,0.10013558262006354,9.998703706931389,0.5719033351843956,999.7877318093962,302.9151920699724,0.68767763225225,0,0
2,2.999491416215585,1.9960557192811148,0.11834251290523135,0.5082609417837076,996.7838901939591,38.48602035156522,44.69813643451307,0,0
3,2.999925100558731,1.9961942288697736,0.14892540386478803,0.5047541186544969,999.4083391919077,38.4893265822259,36.02194447648203,0,0
4,2.9999457486438046,1.9999194946862433,0.18716808518281758,0.5000523082345663,999.7006521891778,38.49029829566879,29.1638969070998,0,0
5,2.999925100558731,1.9961942288697736,0.14892540386478803,0.5050563171125441,999.7844163676789,38.48938702191751,36.02190683838611,0,0
6,2.9999457486438046,1.9980276670929837,0.2109523163850598,0.5003664111563775,999.7004191681789,38.502230813916725,26.151033832146478,0,0
7,2.999921959456379,1.9987889813150157,0.2494534917566127,0.5069616289491312,999.8967952639614,38.51345822738982,22.493151020282244,0,0
8,2.999767022236771,1.9987893946648894,0.26450183135661387,0.5069616289491312,999.9120122390868,38.51969339779533,21.352654622852587,0,0
9,2.9999402396317056,1.9999408461981614,0.1941089836969565,0.526232054962427,999.7324083543361,38.497624345633064,28.208668760691758,0,0
10,2.999879222217349,1.9987889813150157,0.295669927739775,0.5069616289491312,999.7986743073354,38.52779804786797,19.36005514979305,0,0
11,2.999592291064503,1.99918775017399,0.353710196809923,0.5195636942055607,941.128493792554,38.5499212958257,16.591348534053424,0,0
12,2.999879222217349,1.9987889813150157,0.31322065222260864,0.5068903588074261,999.7986743073354,38.53304901118448,18.41249342850098,0,0
13,2.9999241227217817,1.9980395281022183,0.41315779852850476,0.5151289200260653,999.4046626412826,38.5660555478613,14.55092469065247,0,0
14,2.999921959456379,1.9980395281022183,0.39677384922398673,0.5115851998446947,999.4046626412826,38.56045565654918,15.050646049755015,0,0
15,2.999921959456379,1.995504347671837,0.33084408361551354,0.5066983822394211,999.4167803933559,38.54605782592344,17.560599334559818,0,0
16,2.999767022236771,1.9987893946648894,0.30070576338514776,0.5069616289491312,999.7986743073354,38.53055457740389,19.076754776435557,0,0
17,2.9999956932987186,1.9980581240984607,0.4437563485554551,0.5181403638902922,958.9098009356996,38.57499557092061,13.720754716286232,0,0
18,2.9997675335516005,1.9987581450903102,0.3752208417071917,0.5042580113036621,989.6685440856886,38.55244091503655,15.775699597007009,0,0
19,2.999925100558731,1.9954933953803473,0.32872283495850163,0.5002932048118222,999.2077689955734,38.54413301731446,17.658140903973344,0,0
20,2.999921959456379,1.995504347671837,0.37649687522189,0.5066983822394211,999.4167803933559,38.55975366340535,15.728062998270318,0,0
21,2.999921941516129,1.9980395281022183,0.4866902801556969,0.5211614232404952,999.6237466466064,38.58934602985433,12.722461276686065,0,0
22,2.9999206322382426,1.9979870207231447,0.6029380343175866,0.5001926455090621,994.8453804672376,38.6201726784833,10.742166356392106,0,0
23,2.9999956406706163,1.9980562975880356,0.5830547722654748,0.5181403638902922,806.6380021894538,38.61679025795232,11.04851924200159,0,0
24,2.9996290729242205,1.99918775017399,0.4676417939086788,0.5195636942055607,992.2637202257899,38.58369198153157,13.141983993577373,0,0
25,2.99976142603554,1.9980553018329361,0.4437563485554551,0.5181403638902922,985.016355634438,38.57760582066025,13.717778534735785,0,0
26,2.9999207529193863,1.9992559814039335,0.6732649377322161,0.5164171871700272,999.9270870864864,38.641337537167445,9.876060901276258,0,0
27,2.999921959456379,1.9980395281022183,0.5341141327637882,0.5110928230607543,999.6237466466064,38.601559266254334,11.810282241981277,0,0
28,2.999770233997727,1.9987171259035237,0.5064412609679403,0.5263459578076606,999.6007574141369,38.596297298077545,12.322004988198131,0,0
29,2.999921959456379,1.9980373551340647,0.5613821725380959,0.5136467259141411,997.7657437202441,38.6102559018494,11.355760864306127,0,0
30,2.9999532355876615,1.998917409398838,1.1046883938101983,0.505217904404067,998.4634074828376,38.769010987337886,6.975733753038036,0,0
31,2.999921959456379,1.9987889813150157,0.5296166403728737,0.5069616289491312,996.9741860192094,38.5975071719747,11.890418732377638,0,0
32,2.999921959456379,1.9980395281022183,0.7605199158950425,0.5131189224217031,999.4046626412826,38.6698862210659,9.02345888590391,0,0
33,2.999789912009601,1.99647896700595,0.4681417008240808,0.5187642920637202,999.5385038671044,38.58868128338723,13.128623420625223,0,0
34,2.9999372340591544,1.9987889813150157,0.7154931226987511,0.5069616289491312,768.3933471765232,38.65310039089777,9.4676670457636,0,0
35,2.99988243397825,1.99871671255365,0.5014054254819806,0.5263459578076606,999.6007574141369,38.593540771334666,12.421262766867175,0,0
36,2.999921959456379,1.9979419263379312,1.0501243000620082,0.5211573678191385,999.6237466466064,38.75861972081756,7.210279476619005,0,0
37,2.999770233997727,1.9996806831139466,0.6270120897905657,0.5015610984134897,999.5850792560784,38.62510075076604,10.42400296737095,0,0
38,2.999921941516129,1.9980395281022183,0.6595846451127318,0.5211614232404952,999.6237466466064,38.641214339341445,10.02951534793954,0,0
39,2.999921959456379,1.9957480025344243,0.5613821725380959,0.5136467259141411,997.8326208059945,38.61599711115185,11.354609470763407,0,0
40,2.999921959456379,1.9980395281022183,0.7388247004885033,0.519602187003902,999.771191423687,38.66467430936038,9.216477611261082,0,0
41,2.999921959456379,1.9980395281022183,0.7886411763981993,0.5060781086790704,999.3046425877595,38.676914436468316,8.789038058652785,0,0
42,2.9999244889516805,1.998212916663262,0.8893489382438295,0.527393615132261,999.7475308370191,38.710927474595366,8.071154008665188,0,0
43,2.999921959456379,1.9980395281022183,0.8289137980203058,0.5129434349239143,999.605433134587,38.69036928820392,8.480979313771947,0,0
44,2.999766608904374,1.995319167194239,1.248989961979841,0.5296066887838279,982.5563121607278,38.82827462984973,6.452459612422953,0,0
45,2.999770233997727,1.9987171259035237,0.6458014357094151,0.5263539754018945,999.6010844313568,38.63810695401883,10.19150956488404,0,0
46,2.9999244889516805,1.9989295687092277,0.8591565635894145,0.5274340794998401,999.7420774954062,38.700083662349726,8.26908368700548,0,0
47,2.999921959456379,1.9987889813150157,1.554399216017786,0.5069616289491312,996.9741860192094,38.90494194466817,5.666304621654481,0,0
48,2.9999334679849152,1.9987955230915426,0.9143988927170668,0.530144383597652,923.4431761291419,38.71743414569459,7.925701363105861,0,0
49,2.999480029412986,1.9959214254476312,4.834169485767614,0.5183311345554241,999.8647010225794,39.90324613081769,3.4818101385837306,0,0
50,0.7044872997248247,0.14447627620009038,9.99986372068442,0.5298283605287315,999.5442689242482,214.26864126329764,0.7467358993658479,0,0
51,0.5542790219433763,0.10319944817181352,9.999791376557505,0.5456723374078042,999.9677441341129,280.42336425191894,0.6976971662912668,0,0
52,2.999921959456379,1.9987889813150157,1.3978237655677799,0.5069616289491312,996.9741860192094,38.85796930953317,6.026616587857993,0,0
53,2.999479660355825,1.9951837061322129,4.2740021897225615,0.5224779753713612,980.5957297787344,39.73788194041303,3.6189661090489276,0,0
54,2.9999334679849152,1.9987955230915426,1.2997132737858406,0.5276441888540097,923.4431761291419,38.8325284210665,6.304630585616763,0,0
55,2.9998615916400917,1.9988283762718753,1.1567562007916954,0.5008546606903027,999.4920332671787,38.784999843532994,6.77177242998158,0,0
56,2.9995092877115708,1.9973622369154933,1.4684969673069235,0.5105743735573979,999.4465422824017,38.88805366542927,5.853136787003548,0,0
57,0.9274120903964227,0.2237478370620842,9.996547843922095,0.6489377400068783,999.777670477673,155.64885293054107,0.8410828016508156,0,0
58,0.5594284051701581,0.10260853244528687,9.999406717512086,1.0775117038462534,999.998400097496,279.4269900523137,0.6982781131742545,0,0
59,2.533525110541659,0.9834594978520846,9.965071763568154,0.5446356009304117,999.7829856512682,52.73733178525478,2.056316411043906,0,0
60,2.9999231267498843,1.9981373820081056,0.9291333630608117,0.5446313403366085,999.7733407955508,38.726514665134516,7.8303809773678665,0,0
61,1.5132611115549375,0.48913181544989576,9.995055965063989,0.9632021234149096,999.6804394221555,89.71799279964975,1.1883390767842283,0,0
62,1.3513628947985055,0.40808321439322137,9.981026110915312,0.5563376179029982,996.8018948552352,101.60974924171074,1.0792401927143875,0,0
63,0.5010489307185211,0.10087472518555246,9.9990019590148,0.5688823935468723,999.808417758944,301.8276430480788,0.6881639361642728,0,0
64,1.3315894385042952,0.3630331190440136,9.996385464814336,0.5190731935388184,998.0767548082689,105.7466490083566,1.0478596116587953,0,0
65,2.999921959456379,1.9979419263379312,0.8102127348710049,0.5211573678191385,999.6237466466064,38.686646251260264,8.620157091264371,0,0
66,2.999882839605801,1.9987501250372532,2.428375630114403,0.5189288783695807,999.4977436468504,39.170060272402665,4.508309402203588,0,0
67,2.999921959456379,1.9980395281022183,0.6371268504158261,0.5267483953547618,999.4046626412826,38.635594196008746,10.296739885879477,0,0
68,1.0090181315451052,0.2537483043751195,9.999474354145429,0.7500565999566293,999.5225457275485,141.66523079273546,0.8796658425642878,0,0
69,0.6878790720073489,0.12684743655468947,9.99987525458281,0.55144232752361,999.7435533915898,227.31950110556323,0.7344322495208804,0,0
70,0.6737640524726763,0.13683634942340528,9.999019853378563,0.6614054467059299,999.4072954442506,224.63189396284903,0.7366201922136207,0,0
71,1.9028635594232253,0.6705631387617139,9.98047662894499,0.7067466608147634,999.3918720201128,70.60070647273022,1.4794539561413365,0,0
72,0.937862229572405,0.22566434623851242,9.997866092629,0.7155418331543453,999.5486504422975,154.0815389932947,0.844921880845859,0,0
73,0.7908204370634258,0.16979549242310715,9.99443876164749,0.5274077394954371,999.7135809318528,188.4491473180675,0.7790141575164157,0,0
74,0.6921025682360467,0.14789038562738474,9.998904396061123,0.5679814237344737,999.793728048817,215.21816996722265,0.7458715052076814,0,0
75,0.8343533890521522,0.17240484256770816,9.998946368853632,0.6846886050159834,997.3041129508871,180.9929243056318,0.7909472625160967,0,0
76,1.249248107333035,0.3505179047465854,9.998523176852139,0.6160083289292537,997.2358604073446,111.7001218128291,1.0097031096124252,0,0
77,0.6482723310804043,0.1266970003468973,9.9991256708985,0.5210054333264815,999.2104641505666,236.2885650438387,0.7265097887086629,0,0
78,0.8841053278294173,0.2079754030195402,9.999329252942887,0.5000833398459236,999.8299725995789,164.29111965921913,0.8212845813482044,0,0
79,0.6149788928296583,0.11029317784139037,9.999699279834093,0.7149071365917106,999.9784487093485,256.4175372400632,0.711893636350578,0,0
80,0.8324296679378295,0.18750375559690874,9.996129667392156,0.5273009562221911,999.4950182383973,176.56683326806058,0.797936865854383,0,0
81,1.9614559090856327,0.7267213851342617,9.995023137711554,0.5505176194065116,999.7829975228694,67.85157997146908,1.5407277570397961,0,0
82,1.827192857999759,0.6324941098728268,9.98626193605923,0.5132350932181502,986.0658596095261,73.63770984196894,1.4191430685870872,0,0
83,1.3096791151881484,0.3712646279921272,9.998477290668452,0.9218221268234995,999.923477486764,106.47345419247499,1.0430050216085647,0,0
84,2.999921959456379,1.9999208694902884,0.7957284351052203,0.5211473709035865,999.6239796676053,38.67734631185595,8.73347855881005,0,0
85,2.999921959456379,1.998871445072526,0.9883232958107571,0.5140990549014111,997.7657437202441,38.73634025302837,7.508662715320559,0,0
86,2.999921959456379,1.9890466106723363,1.209549776766222,0.5002427402781198,999.272156459088,38.82464822423687,6.578295427030363,0,0
87,0.6443441232461773,0.12708703649850406,9.99842281500429,0.5360581593702984,999.998400097496,236.989543548174,0.7258994523033512,0,0
88,1.2320474413332934,0.3162182100027591,9.996713120863067,0.539585523779078,994.0841530412513,115.89636894725801,0.9865597428956897,0,0
89,0.8531152582823958,0.20542470517756514,9.998702637471423,0.5008465512230224,999.9416921203256,168.99687242372096,0.8119539068471551,0,0
90,0.8230962961878043,0.1756050890978085,9.999558303982953,0.6865158314238445,999.4208136905438,181.57559597906842,0.789505709441053,0,0
91,1.0599358090195965,0.2710043675809393,9.999447584745399,0.5191029925679579,999.1973606862908,134.34876514302735,0.9041297223715087,0,0
92,1.019002866092604,0.25278363443529006,9.999436838795166,0.5311062575223066,999.8149834366873,140.80072617035555,0.8821935081095476,0,0
93,0.5801394803702585,0.11734968730858597,9.996460464014671,0.629564614344523,999.9440500576821,260.7125868448881,0.7093417509272444,0,0
94,2.000835947966352,0.7396020495516415,9.998910217657418,0.7196081124121588,999.3797836544775,66.64348931777685,1.570419253558143,0,0
95,0.9534128125766161,0.2241849754645349,9.999864539005843,0.680540434116959,999.8853269751303,152.62845021854912,0.8484601281691411,0,0
96,2.9809526080903392,1.5453410187555157,9.922885998595733,0.5170560898209826,994.5183160874855,43.097663929636994,2.71001913094955,0,0
97,0.8324296679378295,0.18940544181312388,9.999115744112638,0.5003218641308631,999.9566970379549,176.0268616809142,0.7986921409040082,0,0
98,0.576775160182138,0.10260853244528687,9.99842281500429,1.4605181889338477,999.9531608579772,274.1271981083363,0.7012882598560262,0,0
99,1.6741365565067388,0.5369001941829842,9.999354938184164,1.264498017744328,994.5910714345017,81.61042555475534,1.2894361681558466,0,0
100,2.999925100558731,1.9961942288697736,0.9459741210732062,0.5047541186544969,999.4015398142046,38.72844119738843,7.733646442327011,0,0
101,0.6961878710670688,0.14122847414072562,9.996523873341323,0.5207987770293054,999.3060923539641,217.54975618162246,0.7435591755635443,0,0
102,0.5874051565439684,0.11337445117830534,9.999442552696578,0.5379536547661292,999.1647216922016,261.55096586736056,0.7085554198564046,0,0
103,2.993038919376441,1.4047607039547843,9.999858767314334,0.5934112277432236,999.1006596269366,43.64814858869233,2.6462197246381463,0,0
104,1.280067867060883,0.3425405016075772,9.997070195241289,0.745483073223808,999.2460180194661,110.46270367786923,1.017278300705183,0,0
105,2.84814145824312,1.184240576159711,9.993302535770457,0.5650516114736746,998.2946998866056,46.665846881466564,2.40941267195921,0,0
106,0.6800709554016395,0.1355295166431194,9.999960194831521,0.5072239887468506,999.3972357140067,223.92957808484763,0.7372015370280316,0,0
107,0.5838439443923087,0.10192157802321547,9.99906681152975,1.0069254282253983,999.8084259933601,272.5944011048556,0.7021576765716928,0,0
108,0.6767317627307838,0.15076528116679705,9.999189524012293,0.5945561675342542,999.9720580651228,217.21597195170395,0.744120843742279,0,0
109,0.9317875040849425,0.2141021604794522,9.99816804914971,0.5128478900785438,999.1506458476119,157.12930129740786,0.837461895097673,0,0
110,2.999921959456379,1.9981080418347306,0.9606030300543322,0.5438517532026826,999.4954042377622,38.73588610673084,7.654098010111416,0,0
111,0.6200811777885693,0.1144394903267629,9.999916995221644,0.5856819272954251,999.866280507683,251.76874220080137,0.7149123692314584,0,0
112,1.2066161638383348,0.32896391905777056,9.99987680046304,0.586263032784102,999.7695009059595,116.39208299694651,0.9828995598306279,0,0
113,2.9994957522643357,1.9998835390545122,1.0181073513486918,0.5633595320592653,999.5371731949919,38.75733230897035,7.360607756045944,0,0
114,0.5694970900973779,0.10219146058726414,9.999593535549577,0.619753515197936,999.3981635232524,276.57288560997114,0.699825314576862,0,0
115,1.9816019897172714,0.6708837369507585,9.998316981487756,0.5205103381504373,997.9714314627682,68.47353013216993,1.5247412696130749,0,0
116,0.981394000019687,0.24292080550326922,9.996776261981976,0.6640209984777187,998.0751819408061,146.1933911242398,0.8662846221358041,0,0
117,0.5050771577122763,0.10000446392561393,9.999832562433799,0.635976475492692,999.7453593346444,301.1122329793349,0.6883015148200768,0,0
118,0.5491412878343792,0.10118232991717463,9.999007319513877,0.529991479063841,999.9753832809403,284.03968377684083,0.6958766887436212,0,0
119,1.923685718095034,0.6260521661905455,9.999300243675805,0.5116868180216985,999.955756852404,71.05878064337467,1.4681505091708833,0,0
120,1.3086353989676636,0.3536802645192121,9.985165923808214,0.515337335105175,999.8250922921625,107.78822057021499,1.0344794228980982,0,0
121,2.5366366371935904,1.0426745052613762,9.994625653307764,0.5972551807203251,999.5727932009829,52.13083956035442,2.0868276677721567,0,0
122,2.999921959456379,1.9979419263379312,1.4347477823038348,0.5211573678191385,999.599753765499,38.874006765490115,5.933873842661862,0,0
123,1.851649237943822,0.6589190823397214,9.999243927703224,0.5409888541873837,999.9994757600991,72.29025013037207,1.4437881351238504,0,0
124,1.9583858787556183,0.6389736594307636,9.997036948782236,0.7258333571699467,999.2447231276275,69.85683484086073,1.4950018984787254,0,0
125,0.5615389209731761,0.10697110961592486,9.998365995328147,0.5059058570004873,999.3478226436692,274.6659217698467,0.700931422655672,0,0
126,1.3642117696538354,0.4073027150954074,9.99920674292335,0.6041243453243145,999.0747246144897,100.97475288233174,1.0829446996486713,0,0
127,2.999921959456379,1.9987889813150157,1.7179164925268169,0.5069616289491312,999.9463363625533,38.95399712762088,5.359831978367702,0,0
128,2.2529153983531884,0.7497094413029364,9.999794857290839,0.6479776057505071,997.9495167581828,60.85496565262786,1.7364146164541117,0,0
129,0.7297002553042764,0.14706700531709885,9.999121235200478,0.5071731028102932,999.4250066625506,208.13996025000745,0.7535043465631717,0,0
130,2.9996466832537214,1.99918775017399,7.289298937550464,0.5041161368479337,999.7127242006263,40.62690389557857,3.135241665794549,0,0
131,1.3436636470137384,0.3753718165687079,9.999304418129048,0.7210528267364356,999.3072574836594,104.20764175602827,1.0586048115173001,0,0
132,0.6319541205185798,0.11618121164550779,9.998879826314274,0.5647058278704192,999.1463422332188,247.42437728778464,0.7181369610598486,0,0
133,2.999925100558731,1.9961942288697736,0.867120498295197,0.5047541186544969,999.4015398142046,38.70478511055502,8.21430086949261,0,0
134,1.3368382766073412,0.38850625985122367,9.998976323263292,0.5154377354405884,997.2599973573474,103.645755284783,1.0626495587613807,0,0
135,0.7323395508600029,0.1539153877131995,9.996158283503085,0.7817371451557982,999.9529440735579,204.67463815345138,0.7576027419808894,0,0
136,1.1094760275095539,0.258816840052618,9.999692374013044,0.5427983727776189,999.8922372454698,131.87846657244557,0.9140751375784564,0,0
137,0.7597793441037597,0.1699432040577186,9.995177339736594,0.733180220195,999.9956746360232,193.60553846215115,0.7718029816856791,0,0
138,2.999478487085789,1.9964166308365445,0.9928362124775387,0.5197086417499381,976.9822673360703,38.74989602324108,7.486172386064979,0,0
139,1.2147437372915237,0.3009128316924652,9.999262709801616,0.5297204259116937,998.8559681157797,118.65982790407519,0.9719481693869039,0,0
140,0.6823154947245124,0.14188915632411248,9.99942366776958,0.5306074606494648,998.9576291377806,220.14326492873647,0.7409109074389395,0,0
141,0.5405069677766878,0.10332445672474794,9.998524660563756,0.5101820355310234,999.2956732405745,284.8955922209822,0.6956286558697222,0,0
142,2.9999157458813697,1.9954912098549515,1.1806278537529244,0.5185468044711431,999.6046557803428,38.80346467778484,6.682744087963526,0,0
143,1.0076286787841042,0.24401111018890523,9.999723365921199,0.7803545055456675,999.403780489001,143.38063615896445,0.8743763778473426,0,0
144,0.5848036761022251,0.10641298140375977,9.998203126755898,0.6316082823526101,999.2865931961546,268.0968368064668,0.704667043059801,0,0
145,1.1718111679387568,0.3156080276389915,9.999063447950247,0.6506883344298213,999.9252123876234,120.15271053000072,0.9638295371245401,0,0
146,0.7292501730943882,0.15396565248395375,9.997793111224286,0.5351483648131573,999.9505778330699,205.1830715337557,0.7568690097426176,0,0
147,1.6667752933249875,0.5147868122563521,9.999261219157233,0.6281822078981371,999.9397518133694,82.54702155520306,1.2741573548469605,0,0
148,0.6185422859532587,0.11377241231577612,9.999895085045111,0.519156111460808,999.8661525601752,252.66900393013137,0.7142940224232472,0,0
149,2.999475720574972,1.9986774313535103,1.7903366991896832,0.5224779753713612,979.2126239093087,38.984064892868076,5.2437605407644465,0,0
150,0.5910067232503367,0.11550296229762688,9.999917089214714,0.5564773692267284,999.5855038272705,258.89194953797517,0.710190435566619,0,0
151,0.6879836978915493,0.14051797426643858,9.998888458436879,0.505188879839525,999.3037767261246,219.61825863366084,0.7413824765082084,0,0
152,0.9812985580695667,0.2213951171617256,9.995588596096,0.5984653742612166,997.412333664135,150.19226926884483,0.8556196931043335,0,0
153,1.618022939755996,0.5117376042709705,9.99874536881676,0.5721076016861791,998.360554275083,84.45913077803512,1.248795490394718,0,0
154,0.5994823459408254,0.12009597219538548,9.999127248237292,0.6117746600088301,998.4268428604017,253.19941596796028,0.7141560535450866,0,0
155,0.6581233125168857,0.12994188256981687,9.999867972144314,0.6082767172014331,999.3194145159091,232.026305268646,0.7300145918361957,0,0
156,1.2824447012128553,0.36048764823915164,9.99630189954054,0.5409560457003091,999.7919225080448,108.82335499885828,1.027149271377641,0,0
157,0.6818881789394655,0.12977816393621297,9.999501069743896,0.5622404136020268,999.9517723738078,226.81847469934613,0.7346645760074586,0,0
158,1.1678428694951857,0.32406139475397494,9.999919618360916,0.5224874467659407,999.3746771036164,119.59078140362149,0.9666758330828384,0,0
159,1.419319248142256,0.3773154702390652,9.999765820641235,0.6109733411738595,999.3298450111679,100.08145802007206,1.0909065740235135,0,0
160,0.6253833997319274,0.12304852421081064,9.996812270575044,0.6655423969293948,999.7821591691478,244.30281401738196,0.7203711477295704,0,0
161,0.885781705947662,0.1869768725882763,9.999344699219817,0.6855615596475728,999.4233256020118,169.51409836851775,0.8112702887834397,0,0
162,1.1352665952090857,0.29870177983782364,9.996534138142371,0.816169214671087,999.4961386463292,124.72543798990746,0.9428991909590451,0,0
163,2.73446785203544,1.1092511891884127,9.99756602369412,0.5312259738373843,999.9103167239252,48.690792376148515,2.276353457242201,0,0
164,0.7370945010771647,0.14818901669057,9.999261148490774,0.5023500262663717,999.8156223628981,206.2494471997382,0.7556461403420333,0,0
165,2.999921959456379,1.9980395281022183,0.8193261940195109,0.5210458800639599,999.6237466466064,38.689113496031695,8.551562719073601,0,0
166,0.6577485439776297,0.12927043193106683,9.999240214460766,0.5072509067839347,999.7168830880835,232.49221654157603,0.7295964999037687,0,0
167,1.2046202598981133,0.31256999065693736,9.999925602064588,0.5056049656334123,999.7208858307864,118.10764579603816,0.9739831300460328,0,0
168,0.9371014002429721,0.21353419794589784,9.99816804914971,0.5128041439539831,999.9185333156154,156.64495522111653,0.8385907157815331,0,0
169,0.572018971744077,0.10651606950450082,9.99907854100004,0.5356340269379184,999.1693356631994,271.808774815974,0.7024681030447135,0,0
170,0.7524700960489574,0.16378168357338876,9.999125617928023,0.5002383036901664,999.9106167101672,197.0523205442808,0.7668751906585286,0,0
171,2.999988616277446,1.9992711888378518,1.839025061813679,0.5012815031195323,999.2287757126566,38.987246330892006,5.168534429432663,0,0
172,0.8377090269797869,0.19217587251648968,9.99824107587374,0.5627617189173643,999.7959454445345,174.52088456943116,0.8014597696390854,0,0
173,2.9022203548729384,1.171316349032856,9.981874300512358,0.5238059363035599,999.7451207756305,46.09310417638367,2.4500240478348996,0,0
174,0.7698818156901609,0.17338929903293668,9.999711876532604,0.6612592740886559,999.1867379460233,190.69591767789922,0.7756981500232296,0,0
175,0.5786848990015261,0.10713609287041222,9.999046507478846,0.668060399021273,999.8588443654886,269.27816740674547,0.703861275013522,0,0
176,0.9339130276894803,0.22986080174269946,9.999878555573874,0.5108686496240632,999.9917941945961,153.68307947451368,0.8457663252468944,0,0
177,0.7647295049900362,0.16279991804317584,9.997855769210949,0.548162434016957,999.4933502058855,195.29927284855916,0.76927956658677,0,0
178,0.6613871610309549,0.11893106880305732,9.999564902051187,0.6500877903245774,999.7054021948125,238.40957653173083,0.7251317052239126,0,0
179,0.9210132992024049,0.21378346472718646,9.996336283639096,0.5626899773188478,999.4657221242032,158.46380648134368,0.8343682662646027,0,0
180,1.5943847739118575,0.5123704385449299,9.99944237078773,0.5612626591451076,999.7173217891425,85.34933162489826,1.2375507991942538,0,0
181,2.99977736172613,1.9958319277315448,2.922033132051726,0.5203926998795042,999.9056434610374,39.32693769717708,4.1588623730665,0,0
182,0.839743932530123,0.19275094162244533,9.998049315355262,0.5176380634399425,995.1703159571526,174.06728426492919,0.8027338172155992,0,0
183,0.8619212465886542,0.19441225161426245,9.996536267476293,0.5648416652034001,999.9601442215745,170.56889719251666,0.8088195934761548,0,0
184,1.1267786734744412,0.30004224911883737,9.998599253142508,0.5071444869602085,999.9217967456206,125.17822189118554,0.9405435195007104,0,0
185,2.9999276613117125,1.9976868080502086,1.9593747872167977,0.5210458800639599,999.5632400380308,39.031948404286545,5.000656402975341,0,0
186,2.9870512341085984,1.6026946961473598,9.922885998595733,0.5617484253821501,999.569962802374,42.80653922993896,2.743647295553027,0,0
187,0.5992751247456221,0.11327570455398221,9.997484140699616,0.6424717718712013,999.9500368150428,258.2761876962093,0.7106382747366868,0,0
188,0.5689879529345471,0.10127957189617127,9.9990466382651,1.2215321683807867,999.8363889379111,277.7312601958838,0.6992659159509588,0,0
189,0.9043740855059561,0.19502432623017538,9.996536267476293,0.5390788511607025,999.9449628945773,164.9561436636104,0.8203747867429506,0,0
190,2.999478892985105,1.9973770896261873,1.355650101375196,0.5235604038309811,811.3715528843675,38.857097415181016,6.159735031304595,0,0
191,2.999921959456379,1.997924733321893,0.7280737393462573,0.5210458800639599,999.7266711954002,38.66202532656051,9.316355734817002,0,0
192,0.7326588935945885,0.1447880123248206,9.999036415824607,0.5120499177718263,999.7924405611385,208.6577764111436,0.7529813084214592,0,0
193,1.07796488466308,0.29389217960139985,9.999407180153426,0.7803545055456675,999.403780489001,129.94937742155287,0.9213366339553901,0,0
194,0.901506562882573,0.20541116478555033,9.999051448333443,0.5385046042365462,999.9450920756725,162.71568838095,0.824665618007271,0,0
195,0.8162966075739679,0.18399049609552148,9.998558866124275,0.5719033351843956,999.4506789816082,179.96907220451678,0.7920733001516757,0,0
196,1.1196665768979013,0.27438944880009664,9.999158323271612,0.6647926157219552,999.7838659422267,128.8895585567362,0.9253064163703844,0,0
197,0.617161142488602,0.11008868741181382,9.999682403870352,0.5045649452589295,999.8089813604993,255.96890846302801,0.7122125108998766,0,0
198,2.998592688940076,1.9957405912811088,3.0842977700479617,0.5254406890604476,942.7124444667187,39.39002617883424,4.073795450969588,0,0
199,0.6767191452483738,0.14000649930218137,9.99973518080956,0.5180482253991673,999.2762429199958,222.3005766674825,0.7387812393214925,0,0
200,2.9910652304263396,1.8166121903419117,9.985972084210486,0.5655525875039494,999.9484229392871,42.04655947064018,2.8509843161266115,0,0
201,0.5971470918268225,0.10914207241705079,9.999567142776854,0.5068813193424195,999.2539808154876,262.18786907722637,0.7081550350125987,0,0
202,1.0101832229825414,0.24888857762503236,9.99882451612432,0.5106438398382509,999.620598008635,142.27234077056022,0.8776115461144203,0,0
203,1.8054427057741504,0.638359040041754,9.999677714916492,0.6361854581980959,999.8532825149904,74.18038310733989,1.4081538132707891,0,0
204,0.8614786997041735,0.20840622361181738,9.99851038444378,0.5058766786946125,999.5373401322977,167.16342099342788,0.8156457235888377,0,0
205,0.7741749838869738,0.16166576834924493,9.998172979501469,0.5113725461224379,999.7222009018078,194.12750426275196,0.7708540753732753,0,0
206,0.5774966933113369,0.10713609287041222,9.999057475792695,0.6862836651975561,999.8703389937638,269.63736477214036,0.703653509487618,0,0
207,2.676322407132218,1.3334361167504398,9.999141159873528,0.5545831956317602,999.7270565900927,47.974786910911796,2.3411935499004253,0,0
208,0.6758811485357843,0.1417043461857875,9.999887524850385,1.0851925001585883,999.3301893438123,221.74147738083974,0.7394471219158574,0,0
209,2.111625769873404,0.7273371145961124,9.999252933073342,0.900644832934053,999.6744081172429,64.28556375347823,1.632582992026895,0,0
210,0.686776105660911,0.13465314246561222,9.999248305068786,0.5577961655181309,999.7506965340277,222.98407907559408,0.7381383082641894,0,0
211,0.7522708885638052,0.16776173316038562,9.998339238641881,0.5498603487105979,999.9137572596311,195.64866170994821,0.7688592669259996,0,0
212,2.9999217061709236,1.9995766024974673,2.061642954041054,0.5201234299010833,992.3593089830623,39.057779577549645,4.875737996281185,0,0
213,0.832626134353416,0.19074235060911257,9.98815582864348,0.512760095309386,998.3040563748865,175.6276638964759,0.8001239105409756,0,0
214,0.9332712320816013,0.22347085116815057,9.999204018215941,0.5698500076371266,998.3999767876256,155.01228320119557,0.8425847654750717,0,0
215,2.999770233997727,1.9987171259035237,0.631002338047979,0.5035254097715546,999.6010844313568,38.629101511594335,10.373092597882549,0,0
216,0.7522674438763545,0.15871940704857818,9.999138233704894,0.5945561675342542,999.9320492953678,199.05436754052042,0.7642955371522342,0,0
217,0.5702320109333984,0.10788626665239387,9.999044476283975,1.2215321683807867,999.9870808417088,271.301438769922,0.7027668879540542,0,0
218,0.9977007609020897,0.25278363443529006,9.99939699073787,0.513355626825103,999.9931310667704,142.89246699886908,0.8757336776426945,0,0
219,1.535632937693158,0.4557384027827489,9.99879709959734,0.713412255117163,999.8935591057233,90.20446253813432,1.1816652767689573,0,0
220,1.881513376325165,0.6033372481536041,9.998933930722973,0.6096728011783644,994.6967790140852,72.84479815200338,1.433268970525608,0,0
221,1.5676668312189268,0.4933253336623253,9.996084789652118,0.5390935310259588,999.6662007573234,87.16630722243171,1.215528789148717,0,0
222,0.7522674438763545,0.16659419357741967,9.999125617928023,0.5047445461448689,999.9106167101672,196.05823546215706,0.7682357049107946,0,0
223,1.529872225349742,0.48342243874037183,9.999732277125776,0.578430943985871,998.9255707911889,89.16638342086654,1.192908518241629,0,0
224,0.5539185025244544,0.10660754359435684,9.999791376557505,0.6082150222007262,999.9754287667693,277.4555456172395,0.6993405164864657,0,0
225,0.884534797076092,0.2198262307667216,9.999896816757381,0.5160069109841257,999.9360033839451,161.64742433859612,0.827284945755681,0,0
226,0.9601733644497915,0.22724683659458478,9.99860099734021,0.532791393319459,999.9778402180873,151.25901040064687,0.8519855277148161,0,0
227,2.9994957522643357,1.9987640016643993,1.0181073513486918,0.5169674732071805,961.5076370279646,38.75085463451602,7.364005017325541,0,0
228,0.6879836978915493,0.14349751797970736,9.999145289917656,0.5207987770293054,999.9200932081253,218.143801151449,0.7427977247493573,0,0
229,0.6366970249900448,0.12104330707060701,9.999919618360916,0.5321962527662913,999.3612196950651,242.7820481779304,0.7213970567548428,0,0
230,0.7803692518739698,0.17314764473880012,9.999890210633799,0.5356140416663122,999.8250922921625,189.00573311695774,0.7779432311191198,0,0
231,1.9159993726996696,0.6210240667659156,9.994391595407476,0.5018085668571148,999.9490984479094,71.39319861932132,1.4614557408139959,0,0
232,1.153524403555866,0.29230752625796486,9.997837401059886,0.7168979341223294,999.6506116558878,124.04411698607099,0.9458896499509539,0,0
233,1.149930214789697,0.3082456860950307,9.998472400049073,0.5223044596520143,998.5643491706193,122.5074557754923,0.952693931036189,0,0
234,2.755877454284484,1.1250091365261885,9.998925924465247,0.5312259738373843,999.9103167239252,48.28082338150309,2.301796328395661,0,0
235,1.07796488466308,0.2969800132987233,9.999407180153426,0.7803545055456675,999.403780489001,129.59559304495272,0.9228805508040518,0,0
236,0.7642431679972084,0.16441809274198504,9.997549828289525,0.8736678744407009,999.7860418550677,194.8429612059642,0.7699631283484228,0,0
237,0.5724158876825786,0.10180462285149117,9.99961475268706,0.5112060735201908,999.998400097496,276.02764806271733,0.7000707267947202,0,0
238,0.5833210310745786,0.10627963122322646,9.999259907888408,0.5039034502285897,999.5296721686906,268.62415217456186,0.7042633916645304,0,0
239,2.999588803131358,1.9787712129681045,8.823000221485657,0.5211138348211928,999.6237466466064,41.14266698500636,3.0057538486428124,0,0
240,0.7370824061284059,0.1493229122141824,9.999214371144614,0.5109130059297333,999.9887197425535,205.7409466549126,0.7561954396882418,0,0
241,0.9557493768564316,0.2264660554126394,9.995947832657897,0.5154651662060497,999.4896069871514,151.88854538502284,0.8505053142759164,0,0
242,1.1007009420293243,0.27458332064936924,9.999820951090214,0.501266222217314,999.3301893438123,130.37021630638006,0.9190990234584269,0,0
243,0.5948090778378307,0.10897285129688951,9.999578293805424,0.6441959535894559,999.2256144042645,263.0158613645244,0.7076546862824877,0,0
244,1.4351922513892716,0.4707999384664707,9.99958934489768,0.5092935140763208,999.7390144410051,94.01925637996226,1.144413127967769,0,0
245,1.6606962442382747,0.5376483396511043,9.998962839893808,0.8717855608365337,999.1996031050501,81.98927194594643,1.282642939358323,0,0
246,0.7102949442606843,0.1436241917784437,9.999825259914507,0.5023721522999643,999.3301893438123,213.5131609880009,0.7475656951828342,0,0
247,0.5323232453291569,0.10008160654185122,9.999914566875296,0.5133517369594179,999.4515213392226,290.876887604094,0.6926051585567908,0,0
248,0.5226871787031502,0.10043638464689625,9.996254954586703,1.1144364078689655,999.8672031003442,294.1062974660021,0.6913990792180116,0,0
249,0.7516505320054206,0.15688392750900318,9.999628991027253,0.5560222786487661,999.6989162515919,199.89303540398976,0.763237410673721,0,0
250,0.6256943332022509,0.1247024717297874,9.998113486213462,0.526033778711432,999.3067416945956,243.11796116273078,0.7212389630670507,0,0
251,0.7896141515883011,0.17319290942599025,9.994232600800295,0.5080543444741699,998.8753699769726,187.48309842901938,0.7805211569656746,0,0
252,1.7002405576690016,0.524056812555471,9.983831056283128,0.5385622320332292,998.4010402257778,80.99996914664136,1.2966210078997724,0,0
253,0.8761824197049766,0.20297771825218877,9.999915412834248,0.8222413287380239,999.9100582320175,166.56239844747765,0.8166564283959905,0,0
254,1.7956607855423754,0.6122696408073587,9.994246962122272,0.6810899817967965,995.0250643580675,75.15697092159468,1.390582267327427,0,0
255,2.9999220033203478,1.998081412504689,0.7246259294971944,0.5017460803507384,999.7344678332324,38.65673805493746,9.349108971564911,0,0
256,0.8540539891019793,0.20679654153159532,9.999650122501155,0.5168283604851613,999.6946831377811,168.5485853330496,0.8128575387088908,0,0
257,2.6374475416634127,1.0426745052613762,9.994625653307764,0.5972551807203251,999.5727932009829,50.62400552880113,2.1650682836531923,0,0
258,0.9198284609099918,0.21642934064286376,9.999221339453007,0.510799989978729,999.3033804681512,158.0223055046581,0.8352359765204767,0,0
259,1.537267156064967,0.5140117570120308,9.999493863651166,0.8824142376105805,999.4181107907536,87.68164078741016,1.2115679557719465,0,0
260,0.7044872997248247,0.1495309791986078,9.999531727337414,0.521034141892636,999.5442689242482,211.92704106436585,0.7492798515360432,0,0
261,0.5539185025244544,0.1002457415150111,9.999791376557505,0.6082150222007262,999.9754287667693,283.4084140546939,0.6961596154467928,0,0
262,0.6730577804695652,0.13150615894366458,9.99990988408133,1.2938593942584482,999.7073549900762,227.8764648378969,0.7337378747535728,0,0
263,1.17272672900126,0.30584874307502613,9.998859410975895,0.5113707224399933,999.2738384843949,121.06918959844509,0.9593472735522103,0,0
264,0.6354725015722655,0.125822972707925,9.999914045035577,1.0165108168583987,999.8610943418199,240.04324032233578,0.7235034716728664,0,0
265,0.7456213048122572,0.15859422644170235,9.999140880076908,0.5945561675342542,999.2618513778901,200.28899069179832,0.7628066118250466,0,0
266,1.6101386197478633,0.4921939298659035,9.999073112745979,1.3572624689581738,999.6507240977406,85.69482324905188,1.235060209606038,0,0
267,1.0470862972288686,0.268809385350613,9.999447584745399,0.5191029925679579,999.198243838859,135.80784900144573,0.8989710119895908,0,0
268,2.999758992359679,1.9957642154339712,1.6614441877689075,0.5206225272335453,993.9756928952049,38.94918110927987,5.4577013023231045,0,0
269,0.586805597549366,0.10777025633977474,9.999870023023176,0.6870000319842879,999.7993586427422,266.3415306474797,0.7055628166627191,0,0
270,0.5530779514503084,0.10206541807819272,9.999127483691906,0.560500674299449,999.2326448539467,281.89455630615635,0.6970374161615437,0,0
271,2.99977736172613,1.998788488792603,1.7476051377520516,0.5168637080185359,999.5385038671044,38.96649217228909,5.310298242739712,0,0
272,2.4592358843894497,0.9806371638483553,9.964694506203667,0.6669299021935009,999.6573601624845,53.98328301462662,1.99930055707347,0,0
273,0.5099277725202418,0.10008160654185122,9.999916931738667,0.527223754762757,999.9638028061539,299.1300842559119,0.6890525265470255,0,0
274,0.5001310746055738,0.10087276008590135,9.998683684172674,0.5516867877537098,999.8212279609224,302.19231747334607,0.6880397486672366,0,0
275,0.5803008247391599,0.11875986009487048,9.999069784898728,0.6621953668470206,999.8084259933601,259.6601094512688,0.7099579632797715,0,0
276,0.6436085551008636,0.13082572831392433,9.998213854927418,0.6171950164583119,999.9196781369632,234.9344119305582,0.727645016026381,0,0
277,2.774923064353862,1.235824387115287,9.998920889939292,0.5304379743591302,999.9102490255171,47.23456358649762,2.3730048327491984,0,0
278,0.5316844420994085,0.10192157802321547,9.999035981528921,0.5997390815135174,999.9726464301823,289.31579513849874,0.6934149819096572,0,0
279,0.6637622061666957,0.13215298675201212,9.99903483793679,0.5133040487216703,999.7925855018113,229.4286095327971,0.7322325418403858,0,0
280,1.1298561559592863,0.31204383630718624,9.998784807653449,0.5000242998447866,998.4755366002222,123.65326150324226,0.9477216042228125,0,0
281,0.5174685930971767,0.10045025308355617,9.999183692999448,0.5182971428167322,999.7839839136527,295.90362280389576,0.6904536132260969,0,0
282,0.6242898678295987,0.12259263430420565,9.999594994832005,0.6665036432586857,999.3241246827641,244.88614907859767,0.7198448773352497,0,0
283,0.6763486824499045,0.13460942465890907,9.997994825782575,0.5225181708018986,999.9277777283417,225.245636719332,0.7360293449345433,0,0
284,0.7906993625019924,0.1842118970772508,9.997963788695028,0.6808776045560301,999.8837236459455,183.89119322137498,0.7860002311056188,0,0
285,2.999510219872565,1.9964250873169014,6.039541217079631,0.5197372312034891,984.3902196347284,40.26353932003468,3.2772349614608194,0,0
286,2.999921959456379,1.9987889813150157,0.7154931226987511,0.5069616289491312,996.9741860192094,38.65327011667246,9.437815120110177,0,0
287,1.2462838416167583,0.3253339992756542,9.999447292689544,0.6069113421132069,998.584234301181,114.09740176402688,0.9958199259054256,0,0
288,0.5958102841751595,0.10914207241705079,9.999567142776854,0.5120626929898021,999.2313219228259,262.5646385819323,0.7079180911556523,0,0
289,2.9995883014892373,1.3334361167504398,9.99895650977672,0.6110702930685903,993.6839036901474,43.959231288469354,2.6170353593912257,1,0
290,1.2407378992639957,0.3382478626346152,9.995060994647496,0.5574494415690803,999.9336663339267,113.27132650683457,1.0002922176212294,0,0
291,1.6194083658462028,0.49796082665268127,9.99874827057199,0.5060309839954151,998.360554275083,84.9336785269254,1.242579739730846,0,0
292,1.9474634374662312,0.6745749918014763,9.993863763737364,0.5330219314779853,999.7584567693573,69.27775816110706,1.5065107322953986,0,0
293,0.5792275161414873,0.1134961772074694,9.99956124403425,0.5657944193316189,999.6205528195353,263.86545360743713,0.707133663804442,0,0
294,2.1250363261668035,0.7275105429070498,9.999231939554218,0.6790001398755716,999.8401530816442,63.93909396602504,1.6411765728022485,0,0
295,0.8071886986707851,0.18678108786520006,9.996330472129246,0.6323371941906845,998.0404268688956,180.55074673551792,0.7915034690270373,0,0
296,0.9197510485120769,0.20405474318554118,9.999833013873863,0.6093267668195056,999.2661717595972,160.85334538762496,0.8290004564383362,0,0
297,1.2738130688712668,0.3253339992756542,9.999447292689544,0.6030354385680408,998.584234301181,112.36253769124659,1.006226373988257,0,0
298,1.0237377527663323,0.2695202690868698,9.999865150379524,0.5083031886025084,999.341226182693,137.88584731354385,0.8920386458898744,0,0
299,2.9997630114614613,1.9984257692936471,2.2169186226011326,0.5301422872698102,999.5028404204509,39.11100946854003,4.704432085246863,0,0
300,0.7876825772126363,0.16404521059016547,9.99752506568322,0.7218951100931501,999.519106398979,191.05713481020234,0.7752610715087481,0,0
301,0.6802467336678492,0.13811886753984376,9.999807822038106,0.5302215550781084,999.2928839359029,222.51287469956637,0.7385501472956529,0,0
302,1.3617135756848648,0.39267366141136983,9.994479300906285,0.5907277509696116,999.0747246144897,102.0198113401706,1.0748452106971031,0,0
303,1.6489623589956484,0.5147868122563521,9.996048492183576,0.6283223919094119,999.910481382396,83.19419420399764,1.2654615414927943,0,0
304,0.9933712448956226,0.22657825466927253,9.997623868568766,0.9158028835379154,999.9820578699346,147.98460859955895,0.8614277209159313,0,0
305,2.999766608904374,1.998445513840606,2.3332679392167197,0.5301422872698102,982.5563121607278,39.145824846991815,4.593705250678711,0,0
306,0.9947993952741441,0.24860334580928412,9.999751488715578,0.5362538948006549,999.9333981922651,143.85467556191793,0.8727646349277137,0,0
307,1.7048758546911635,0.5328919211879749,9.999923348495837,0.6702026178636583,999.2481312265073,80.55484600992685,1.302515288635462,0,0
308,2.9997685189250207,1.9987319146855496,2.5403504317135917,0.5007382707597186,995.1201637617551,39.2013305520281,4.417880398344861,0,0
309,1.1079911162669673,0.30472441003976874,9.99826837990251,0.5314848335874904,999.9364270391692,126.17574610080196,0.9366018057791351,0,0
310,0.7471165818002894,0.16406292961816343,9.999158323271612,0.6654487914150995,999.7838659422267,197.93297796557079,0.7658226482862205,0,0
311,0.5541307602772552,0.10569247459373542,9.999807839447667,0.8498050246566968,999.9486258646602,278.24683950368444,0.6989201181094113,0,0
312,2.9998331858593676,1.998878202060236,4.1198969014834175,0.5164171871700272,961.3542937070877,39.67724550350287,3.6669314984809196,0,0
313,0.5307432048907903,0.10038284507374848,9.999895120533813,0.6854718119606551,999.4468376340855,291.1707138323457,0.6925052658482321,0,0
314,2.996576358368321,1.9964939113100917,5.3373553832074325,0.610067644682033,999.9877003031312,40.10341801624071,3.381962198187147,0,0
315,0.8571929151012359,0.19249565856652867,9.999612901518816,0.8220649970279023,999.9850024702662,171.77337404383698,0.8064856387870082,0,0
316,0.543081103819856,0.10205323585758563,9.99685290806598,0.6638456041120797,999.9946692548389,285.25445855007246,0.6954251179383084,0,0
317,0.6154619817590383,0.12143629994494938,9.999053101051532,0.5652162065474078,999.3490676626644,247.9400322063635,0.7176496526846483,0,0
318,2.1551716918862107,0.7735492882933201,9.998184877295424,0.6101758840637909,960.8692536284412,62.44893065465602,1.6876526019228375,0,0
319,2.9994957522643357,1.9985235334191849,1.6194733148172045,0.5593526105541711,999.7028587376764,38.94034343779836,5.536261223500011,0,0
320,1.5705595580615577,0.5019713562391493,9.997838018812311,0.5799553897966165,998.9255707911889,86.70837247139978,1.2211999578524624,0,0
321,0.543081103819856,0.10070873992304516,9.999311376039271,0.5052397449836694,999.9946692548389,286.5316490341068,0.6946298994070238,0,0
322,1.5310585175378515,0.436434018489631,9.99943903561535,1.3123616890515575,999.8666253009396,91.48956501371951,1.1698794259053462,0,0
323,0.8314985712276685,0.16767500028485996,9.999404452632236,0.5210434996704072,999.688521547917,183.00800161001195,0.787606917927469,0,0
324,0.7467113287248605,0.16797133983709256,9.999338973123422,0.5721076016861791,999.5329177597199,196.56874994074937,0.7677021247650142,0,0
325,1.1718111679387568,0.310718208164554,9.999074466141199,0.6506883344298213,999.9298471502094,120.65134346427159,0.961383612831733,0,0
326,2.3762833866476227,0.8991173608469805,9.999545551501223,0.5165025997102665,970.9197732493584,56.30770565830951,1.8995849354167709,0,0
327,1.329503331378886,0.36873279022374034,9.986504298162744,0.519599999832241,999.8608518121614,105.4358392966636,1.0501928750816556,0,0
328,0.7339805790508402,0.14719249375280108,9.999169862282237,0.5008420150908686,998.8666988210368,207.28155326937724,0.7545603394725646,0,0
329,1.268552464840102,0.36304012869511443,9.999441767260498,0.5269709017005527,998.9491661863605,109.480398281176,1.023036974873218,0,0
330,0.6242898678295987,0.1264413687227232,9.999594994832005,0.5454489210598885,999.9664345331831,242.37900869438496,0.7217049679604947,0,0
331,0.5127836969010362,0.10067921786377104,9.999942150658352,0.7976473939778399,999.767194246599,297.4988767643299,0.6898078553832789,0,0
332,0.6385054576258669,0.12650061239934124,9.998725615011118,0.5463487540014879,999.9580354341593,238.7756207168302,0.7244716131158317,0,0
333,1.2432995628785264,0.3434720007238855,9.99901185529789,0.6369812233725788,999.8064342729449,112.67269351614777,1.0036738432579706,0,0
334,1.196852025508837,0.30663805591231275,9.99858855395849,0.9199096936601319,999.9485537989345,119.3478143616952,0.9682629707500199,0,0
335,0.9419653702940919,0.22724683659458478,9.998304959990046,0.5482534418712331,999.6934196402589,153.2751703894618,0.8468336659290299,0,0
336,0.808112285232806,0.17170611272327532,9.992755649829169,0.5325406318711888,999.8292230134884,185.08855942887985,0.7841894369107133,0,0
337,0.5191379614766751,0.10212884341478037,9.999895428543725,0.6288727764544892,999.925535146572,293.66829774850174,0.6915027308316897,0,0
338,0.6385054576258669,0.12195966740543555,9.998725615011118,0.7398651117272803,999.9370607667512,241.757643313137,0.7222032383056695,0,0
339,2.437953031663222,0.9806371638483553,9.964694506203667,0.5274700608598486,999.6303083104241,54.31037140025554,1.9836693416157656,0,0
340,0.9877709650437128,0.2427356244642483,9.999154350437122,0.6446861453610648,999.7047001078091,145.56381147526122,0.8677933589056921,0,0
341,0.9406953727311669,0.23344156132835947,9.989147464535192,1.0175541850796366,995.5449404635584,152.3418677524494,0.8504476641974758,0,0
342,1.720417121640272,0.5331398489254803,9.99705851374102,0.5619023904983017,999.7448664225593,79.99374142057019,1.3107178227837946,0,0
343,0.5826407208064305,0.10627963122322646,9.997026203746017,0.5236560297127727,999.5296721686906,268.82760238000196,0.7042561360004287,0,0
344,0.8079142446114768,0.1740596130060486,9.998615806106024,0.5200877804103535,999.6883911268336,184.33069644645713,0.7850390103762852,0,0
345,0.5351910050442363,0.1003587220895942,9.99956496744424,0.6130700216006421,999.3592952881322,289.61422280628403,0.6932296369486893,0,0
346,0.8521770031454531,0.17338929903293668,9.999658395328053,0.6612230142741533,999.5597142411832,178.1523414502068,0.7956866250066246,0,0
347,1.7822918183663223,0.5194213780533521,9.99991493894439,0.5088061438086976,999.7057237203294,78.46146219451096,1.3362289972783328,0,0
348,1.1111551358716079,0.28844851524224585,9.997355335469415,0.9272699908689108,999.0335113650768,127.84932657338591,0.929653128588121,0,0
349,0.7350821339885689,0.1534321863737204,9.998604915090707,0.5572553728403906,999.3091933406207,204.32562550272053,0.7579068471416814,0,0
350,0.7609055875045914,0.17108177320486623,9.9991256708985,0.5238963770268676,999.1884318200669,192.9784466756359,0.7725124265802364,0,0
351,0.7305630935101939,0.15736940533940533,9.99987525458281,0.55144232752361,999.7449191016217,203.53572101928887,0.7587748196563723,0,0
352,0.5215028376567333,0.10023028073919565,9.999674554452904,0.6408921478410428,999.863876699796,294.6518399059185,0.6909398088123756,0,0
353,0.8842306709778309,0.2003800833706457,9.996493954674326,0.680998881285353,999.4690773047032,166.1329689010007,0.8176981078320118,0,0
354,0.9352102445261075,0.224187084740124,9.999400450708906,0.9049838691116827,999.7208858307864,154.71424728222172,0.8433441710615768,0,0
355,0.6159416719077099,0.12254745635944465,9.99918514683985,0.5817163907684068,999.8178316567048,247.07017503060533,0.7182403157902633,0,0
356,2.000835947966352,0.7203024646905717,9.998910217657418,0.7196081124121588,999.3793562905457,67.00576147776943,1.5607695039170804,0,0
357,2.9965115215652327,1.632968523798103,9.998933930722973,0.6096728011783644,994.6967790140852,42.6175708199772,2.763932915385258,0,0
358,0.6819082982644137,0.14523259260213758,9.99750051773046,0.5315822749093392,999.2468002036151,218.6079185183478,0.7425665174990876,0,0
359,0.7864477348348514,0.16884555786130132,9.999274078158432,0.7145004772734525,999.7183144084721,189.52243533800802,0.777262260097829,0,0
360,0.5121601696688315,0.10038284507374848,9.999895120533813,0.6827875903507644,998.4040648771727,298.0065603222237,0.6897027210947739,0,0
361,0.5323232453291569,0.10052079073419007,9.999919788362178,0.5292311921422033,999.7554804052032,290.44351250529064,0.692794069548746,0,0
362,0.6672388818521418,0.12977816393621297,9.999424481080379,0.6552735233447029,999.7130657708045,230.05680928711374,0.7317277200469954,0,0
363,0.5108623512324386,0.10038284507374848,9.999895120533813,0.6827875903507644,999.4468376340855,298.50258609314795,0.6893990647035804,0,0
364,0.5555353075570297,0.10234199155987582,9.999791376557505,0.5456723374078042,999.8922573965109,280.8272349871357,0.6974851242823793,0,0
365,0.5086071075959864,0.1001181637291329,9.999916931738667,0.527791890818706,999.8339390769713,299.6029290430252,0.6888820226470922,0,0
366,0.9649808672338831,0.2332117393299153,9.998602723969588,0.6640209984777187,998.0654207631496,149.64087073727504,0.8565477872576682,0,0
367,1.7634401037557756,0.5872776363996906,9.99965073404822,0.5316295479139155,999.3247541926411,76.84128396764332,1.3601820022447513,0,0
368,2.999482865311227,1.995347961849977,1.19882604596294,0.5258284271939316,999.8461971018072,38.81555097446177,6.617970870096951,0,0
369,0.7637156649880746,0.16884555786130132,9.999274078158432,0.5337808775172692,999.6858437505459,193.27104333093845,0.7719797456974212,0,0
370,0.6653323862685039,0.13086953934017395,9.997227715101829,0.5041192660677762,998.8836089146978,229.8127825570134,0.732085263866861,0,0
371,1.2412641329375893,0.3613066957967411,9.996050839122297,0.6034247817995929,999.791627337508,111.35984767454235,1.011982222719088,0,0
372,0.5108623512324386,0.10009091655045667,9.99991347472496,0.5667061382263703,999.8156486221427,298.76992630184975,0.6892152743993797,0,0
373,0.559219154442292,0.10064064627628515,9.997947580685002,1.0776054624873137,998.8743034508623,281.39910760499544,0.6974445710916082,0,0
374,0.578347779544955,0.10998025450466722,9.99956124403425,0.5455964650602854,999.6205528195353,266.9407438859672,0.7052229482504124,0,0
375,1.4354337959833472,0.4452208498761423,9.998952680488822,0.5084888012018526,998.8767178329781,95.22749811629816,1.1318457783311453,0,0
376,0.9602911916157855,0.23926419771790025,9.999904777034022,0.5015030064873364,999.8671318218364,149.0301549338009,0.8579740245402625,0,0
377,0.6340948441602896,0.12094743447582995,9.997810181698748,0.6055290289182933,999.862782721639,243.50611002031152,0.720908396454302,0,0
378,1.4173462150841705,0.4308928511141466,9.998746111081728,0.5329388545597307,999.8333159689186,96.8682289678795,1.1168563430591014,0,0
379,0.7608612293793273,0.1561621837685001,9.999445726536058,0.9125960540904132,999.1884043201297,198.64835401708612,0.7650265041397649,0,0
380,2.9997645535445936,1.9987603464619028,2.662595000389869,0.5279366301490512,995.1426104450036,39.24341649250064,4.327523657942503,0,0
381,0.6204717636299593,0.12849571341777435,9.999918279018964,0.6524164979537653,999.8799135533415,242.12175516721342,0.7220117342975563,0,0
382,0.8216462243412583,0.17515389538150763,9.999278006725486,0.76679469659848,999.9358037795162,181.9526739963473,0.7888848476913662,0,0
383,0.8162966075739679,0.1862216277319878,9.998703706931389,0.6034028963741708,999.4622740805798,179.32423761996463,0.7931804611753228,0,0
384,0.7367176611542964,0.1534321863737204,9.998518385186912,0.5841782680017549,999.3054931096184,204.028974477396,0.7582726207000942,0,0
385,2.38389698688129,0.9087915024841641,9.999042458617238,0.6299390889597195,993.4682291423981,56.07744588045499,1.9075458310445403,0,0
386,0.5255872103268896,0.10018032025149282,9.998339238641881,0.5178290483149297,999.9086336646304,293.186453569771,0.6916186368038588,0,0
387,0.9237545799806005,0.21069290563563645,9.999237619842388,0.5258275782328498,999.6595436651426,158.82124079554595,0.8334170105657931,0,0
388,0.9617662007990553,0.22844698607359376,9.995963487069037,0.6631397559982088,998.0751819408061,150.88062259851316,0.8533673869462245,0,0
389,0.5689879529345471,0.10982698466483812,9.9990466382651,1.2215321683807867,999.8363889379111,270.0469699521923,0.7035396223352922,0,0
390,0.9789558546093269,0.22566434623851242,9.997866092629,0.508676507759105,999.5486504422975,149.56434915047925,0.8567372313881623,0,0
391,1.2412641329375893,0.34104018823473525,9.999600866676811,0.6034247817995929,999.8157323048048,113.0056530278455,1.0016689789032955,0,0
392,1.4593536624208503,0.47702416026556166,9.998904717727553,0.5049778018511408,995.65665943091,92.58745158675184,1.1584600457953718,0,0
393,0.6763486824499045,0.13512011211126942,9.999118673795765,0.6310646162368143,999.9277777283417,224.98690733109385,0.7362284800364356,0,0
394,2.9998855240278544,1.9953130943462962,1.8784879518360222,0.5220118339203325,996.7509786982998,39.01429887694193,5.109594716860624,0,0
395,2.999420194120073,1.9981675063242847,1.9081092597117526,0.5220118339203325,998.8709786354904,39.02119744649856,5.0690700271211195,0,0
396,1.0358931045795532,0.2710043675809393,9.999447584745399,0.5191626728792865,999.2175029860229,136.53849821711106,0.8965692956759221,0,0
397,1.4147837035221391,0.3855592370799749,9.995061354118706,0.5056191594981186,999.679134981788,99.7181765545471,1.0933007088087596,0,0
398,0.536716501223467,0.10210270477789514,9.999066190109328,0.5695089820871324,999.8163425400231,287.37232234756397,0.6943261067663505,0,0
399,0.827096107101756,0.1859597176010096,9.99701863430893,0.5190677307058301,999.7193500724345,177.7829398856877,0.7957702399698571,0,0
400,1.2976041441062294,0.3558772207940408,9.998662472327137,0.6645634832381471,999.8025265005092,108.29719551102725,1.0305917241973082,0,0
401,0.8614786997041735,0.20551646787895608,9.99851038444378,0.5446356009304117,998.8655928860879,167.84586207773918,0.814268127865805,0,0
402,2.9999956406706163,1.9957405912811088,3.521872010036426,0.5254406890604476,993.5660814244461,39.50570275962136,3.868213449830697,0,0
403,2.202224789073761,0.8340569235911814,9.99827386482558,0.6662524027134498,999.3610166175017,60.53094715578283,1.744647825890575,0,0
404,0.5456056237340617,0.10049414213320858,9.999244673682806,0.8333335669651969,999.6523453996118,285.9572960459869,0.6949724422834181,0,0
405,2.619465189264454,1.0495011106036805,9.998921328557222,0.7218644013366717,999.7758761474763,50.84811762722169,2.154066593767035,0,0
406,1.7156886379160508,0.5290115093518641,9.999958897487126,0.5619023904983017,999.8740525070223,80.30118255249234,1.3060585314869326,0,0
407,2.0833077264980444,0.7314644344573284,9.999583925900396,0.5248737593876702,999.8368361931267,64.77664459892227,1.6167950033356007,0,0
408,1.7813400250637863,0.6036881408177905,9.998933930722973,0.6096728011783644,999.6195364570998,75.8239726082533,1.3779112831250588,0,0
409,0.6513935321015354,0.12897592710750966,9.999919618360916,0.5091488214586963,999.5296158741455,234.15268357938888,0.7281860732666932,0,0
410,0.6575296999118876,0.13082795472509318,9.997963788695028,0.6808776045560301,999.8896942658245,231.65621295443765,0.7303786363930195,0,0
411,1.3451514405571947,0.397611120525272,9.998517350462851,0.500062857412962,997.0330632540868,102.5908417105899,1.070592140002774,0,0
412,1.4476031091496602,0.44857007154952033,9.999016394097843,0.6091700261328511,997.3622784380386,94.49430793994789,1.1389319049044795,0,0
413,0.6674410556519905,0.1360684845682787,9.999802555729216,0.8535342742973311,999.8833932778274,226.48901596575126,0.7348774111401687,0,0
414,0.6241700280428348,0.12902029337207807,9.999946765446166,0.5388894959133198,999.1812873602264,240.82770423922665,0.7230329803618878,0,0
415,1.4977935891295153,0.4366899362328841,9.999554207450243,0.5905021971069015,999.5293566343333,92.78238359370727,1.1549221905807647,0,0
416,2.1397426570894513,0.7735492882933201,9.997030354478253,0.59597554965838,999.9931146071336,62.78032065861442,1.6736986548590795,0,0
417,0.683058130238255,0.14092798232523457,9.999827838397337,0.5677133479933141,999.2799385669525,220.47214389118278,0.7405299188131509,0,0
418,0.8323836230626653,0.19217587251648968,9.99824107587374,0.5075620974074002,999.7959454445345,175.27356757692525,0.8001256819480115,0,0
419,0.5792275161414873,0.10998025450466722,9.99956124403425,0.5618115672624565,999.6205528195353,266.6813750066525,0.7053757024530409,0,0
420,1.048388723324349,0.2505348997132369,9.998789130659187,0.5257472105327328,999.2992955042226,138.40385234921413,0.890265957517303,0,0
421,1.1332226948124327,0.3159016150068663,9.999128140792086,0.5598908740979294,998.9165638167434,123.01105067732858,0.9507319167995828,0,0
422,0.7109260168067107,0.14784475475218534,9.999980571451578,0.8246481376344178,999.9936700392728,211.4650537368851,0.749736352011379,0,0
423,1.2965346026535833,0.33724610609051076,9.999890210633799,0.5207267666629112,999.8250922921625,109.88472664231429,1.020796332786137,0,0
424,0.686776105660911,0.12903475594180364,9.999248305068786,0.5577961655181309,999.7506965340277,226.21769485752213,0.7353291150022851,0,0
425,1.969992061806046,0.6161656043497586,9.997724606889047,0.7067466608147634,999.1942019337021,70.1316957297799,1.4904075510502588,0,0
426,1.366493402482877,0.38525599581654196,9.999306183263672,0.6186894407004311,997.2599973573474,102.26030580650274,1.073033077095001,0,0
427,1.0148818507279387,0.26007297090843134,9.99984966472777,0.5324489446335593,999.6503989483132,140.0908287862003,0.8845767503029097,0,0
428,0.5971789533883343,0.10658770141493218,9.998805346292885,0.5952029419552305,999.8141753400606,264.39212919304873,0.7068655818048759,0,0
429,2.181036312642973,0.8043580846128328,9.994917571595039,0.5233700729024858,999.9184573166623,61.385187062887375,1.7159793574411302,0,0
430,1.4607521974175797,0.4921547384045578,9.994542122667426,0.5327628737878546,999.6245180931318,91.88160894571378,1.1664575217260595,0,0
431,0.7522674438763545,0.17889212878100222,9.999608140986156,0.5945561675342542,999.2826139996001,191.94984959033755,0.7744233942776839,0,0
432,0.6006206202014674,0.11327570455398221,9.997488801923382,0.6678966263028332,999.4494576340884,257.9074599072348,0.7109302976939769,0,0
433,2.9994814432628756,1.9914139540397362,6.296588941802825,0.5427834354745089,998.3495390032788,40.35818710303575,3.2394863742301134,0,0
434,0.8939546017889904,0.20636297523313468,9.99596150105077,0.5124413301072792,999.9615913549965,163.422085498372,0.8232605596653291,0,0
435,0.528311261607723,0.1001163794105167,9.999262204946543,0.6789620742841109,999.9907673788325,292.3016823851547,0.6919629238217122,0,0
436,0.5512114472963626,0.10064064627628515,9.997947580685002,1.0776054624873137,998.8775577955258,283.9969207812504,0.6961104444645945,0,0
437,2.505890000982207,1.000412644497366,9.999793070061965,0.6610763612553566,999.942970601431,53.03400994227512,2.0421450767781906,0,0
438,0.5191953672838618,0.10043638464689625,9.999755208366981,1.1164515936797728,999.922974753858,295.3944530210033,0.6906727097340234,0,0
439,0.8537649145546751,0.19138032551373577,9.998527043418456,0.6756413030296888,999.1750730532898,172.5149227551461,0.8051835616355322,0,0
440,0.6527426387127163,0.13000331920197314,9.999237984829376,0.8016166794998889,999.1941272737159,233.28094379198149,0.729031358390212,0,0
441,0.7502564204636335,0.1788797019394257,9.998339238641881,0.6808194396293924,999.9134775701423,192.3269207892563,0.7739642602892502,0,0
442,0.8325491745971578,0.17515389538150763,9.999278006725486,0.5017158143707677,999.9358037795162,180.30580152076087,0.7915901892135908,0,0
443,0.7193804445764427,0.14624846786742773,9.998983316638816,0.6097291028265719,999.8878065012854,210.50693033876544,0.7508125274851247,0,0
444,1.4523566408826363,0.3915382435097055,9.99877667032038,0.5474142666438985,999.5581847987321,97.5030166871202,1.1122754686186331,0,0
445,2.0833077264980444,0.7335704789978101,9.720183360920975,0.5277898370270371,999.7285729019314,64.65415829291234,1.6322316405810153,0,0
446,1.1000943140484936,0.2708054672128204,9.999825259914507,0.5073293038058476,999.3235257699649,130.92958680674576,0.9170102889493513,0,0
447,0.6838907683454722,0.1436636328540669,9.990415530902762,0.5088978967999834,999.0957710353846,218.92812399698488,0.7425579918204686,0,0
448,0.5994823459408254,0.11485462707707572,9.997831695928227,0.6062228736345631,998.3384397157512,256.9977613945812,0.7116090472853117,0,0
449,1.4442867567103947,0.41478206978105675,9.999791985780762,0.5025175940531829,999.6809879911068,96.44781498416347,1.1203279825402022,0,0
450,0.526857544578521,0.10094547998315072,9.999911719329628,0.6390954723805735,999.4497576434567,291.99579573405754,0.692169039434946,0,0
451,0.6978900730252294,0.1423517260493579,9.995758263620868,0.5053197599231773,999.9877539574916,216.6373669793953,0.7444468475667702,0,0
452,1.6871086854128052,0.46458340759915867,9.999606075148504,0.7190684435197972,998.4755366002222,83.94135983119014,1.259414437371035,0,0
453,0.8605314034562376,0.19183563162340492,9.996883156281474,0.5503281279792133,999.8042807352284,171.44435390645904,0.8071704267943313,0,0
454,0.6241700280428348,0.12158575841199942,9.999946765446166,0.5065872853225051,999.1812873602264,245.56053151169036,0.7193157128818486,0,0
455,0.743476765864608,0.15874876490267148,9.999692489452732,0.5320812621894982,999.5420869592288,200.60213451398417,0.7623492259407204,0,0
456,2.1943732514942242,0.7635967912742107,9.999718803448253,0.534260530981616,998.4952022490902,61.773783172341005,1.7042542574490418,0,0
457,0.5108623512324386,0.10200132024728578,9.99984214911201,0.6827875903507644,999.4586190597842,296.92190188416254,0.690209771497869,0,0
458,2.484701793468357,1.0155010690580188,9.999405835868089,0.5071810826071615,999.9704824219801,53.19489178155163,2.033844646715529,0,0
459,0.5026720433027303,0.10113546092515678,9.998032121114303,0.5702368060288375,999.8003481125213,300.92760820818836,0.6885879904167637,0,0
460,1.3753502355279663,0.37060458357703363,9.996621305645204,0.7651177294822676,999.8389348037845,102.84369917556295,1.0692256332726897,0,0
461,0.5788112660010487,0.11163562806524109,9.999274858207418,1.1711257448119812,999.9964635693934,265.57903309943686,0.7061077996433652,0,0
462,0.8139226554161003,0.19391122872549238,9.998140307681348,0.5627617189173643,999.795536478433,177.54378070702222,0.796439580157657,0,0
463,0.6136755500004025,0.11434881294619494,9.999985222260625,0.5150737332806333,999.2270487872034,253.50728399250548,0.713742152374256,0,0
464,0.6115832313764424,0.11823279866729332,9.999610242291485,0.539958752504186,999.9479053467977,251.19681660343582,0.7152462050505046,0,0
465,1.1317004970095972,0.31398440806772,9.999278006725486,0.7635602346124974,998.8876282300754,123.36381215087646,0.9492515695957935,0,0
466,2.999925100558731,1.9954933953803473,0.32872283495850163,0.5017460803507384,999.4046626412826,38.54442359242224,17.658121187259784,0,0
467,0.6104564505321012,0.11756549049354609,9.999610242291485,1.1677708248155292,999.245148006829,252.10426041551233,0.7147763378137358,0,0
468,0.7698818156901609,0.17108177320486623,9.999153289750785,0.5238963770268676,999.1867379460233,191.44617172888474,0.7745723196180925,0,0
469,0.7614420487489408,0.1589306963193253,9.999343113554454,0.6421406927953952,999.8316670612663,197.37849614271647,0.7664841298079768,0,0
470,2.999931082121726,1.9987546074075364,2.5650982373352416,0.5269294480104518,993.7239922709189,39.21212988737338,4.39918992722859,0,0
471,1.1066432261863672,0.2688630100212735,9.999703605275071,0.5259515073181176,999.3300818222798,130.66212346782274,0.918212246422665,0,0
472,0.6018083387613307,0.11008868741181382,9.999924028496595,0.7917549712787418,998.9214605491521,260.16004250204975,0.7094821041957523,0,0
473,1.032300478554209,0.2671791877968384,9.997681810905977,0.6866149791425205,999.9424790579152,137.43571221648085,0.8935579243579349,0,0
474,0.9054102103162038,0.1929843839935993,9.996536267476293,0.5390788511607025,999.9449628945773,165.37161588143655,0.8196360899861772,0,0
475,2.9991947687914706,1.9958319277315448,2.127013182309938,0.5200531214491692,999.5385038671044,39.09483926991618,4.797951681061364,0,0
476,1.564018379106705,0.48106430437485415,9.994421452981088,0.5846304306019823,999.3972357140067,87.84036185770982,1.2077945715366836,0,0
477,1.5002917830984857,0.4459343675887576,9.99878298150986,0.6038987914616043,999.5293566343333,92.19894035696947,1.1607064437878964,0,0
478,1.0730543834154653,0.259032794783141,9.999627210253223,0.5503818052977696,999.9587538979005,134.907036546041,0.9022560188192089,0,0
479,0.6431854394827337,0.12928075813593712,9.999116799081385,0.6656863266751256,999.922281106088,235.9600602704674,0.7267454419423135,0,0
480,2.034678437015714,0.7203024646905717,9.99784831463138,0.7095002621777281,996.9925963141483,66.17212659598779,1.581547938620477,0,0
481,0.6981238133435068,0.14347733564715637,9.999039628253492,0.6739428100462519,999.5394507429476,216.07298670518423,0.744939295982548,0,0
482,0.6978900730252294,0.1423517260493579,9.99570118607442,0.5053197599231773,999.9877539574916,216.63734985613138,0.744449703883023,0,0
483,2.981365775098749,1.2110341269665554,9.999443701168689,0.5274000393696743,999.6599246077313,44.90439310116117,2.538860181820084,0,0
484,0.6224812283022101,0.12254745635944465,9.996806113295534,0.5817163907684068,999.7821591691478,245.3638406819286,0.7195776943036787,0,0
485,2.9968723773535553,1.7035241416823477,9.819188508732182,0.524352568402902,999.5727932009829,42.2889319359067,2.8081984652829695,0,0
486,2.999920674739448,1.998418661033866,2.2169186226011326,0.5288930823270963,996.989766561699,39.10902542734908,4.704822612129811,0,0
487,0.6486468323328993,0.13123879883065845,9.998725615011118,1.227708008908124,999.9580354341593,233.60923665602806,0.7287987303831134,0,0
488,0.9087745659050911,0.20314834624665057,9.99901185529789,0.6339964959317544,999.7923950421682,162.38990523006922,0.825525031793121,0,0
489,0.6161175014712227,0.11903186597034043,9.999007319513877,0.5321380033457606,999.0181689957791,249.42394911238705,0.7166039678742845,0,0
490,0.5987754199590871,0.1144394903267629,9.999916995221644,0.5856819272954251,999.866280507683,257.5070583731603,0.7110170697063868,0,0
491,1.8227883762435162,0.6122696408073587,9.99460041468827,0.6810899817967965,995.0250643580675,74.32827517698844,1.4052885461480789,0,0
492,0.63254481765174,0.12072337507006269,9.997690670498601,0.6762971681215252,999.9009661938237,244.06013097065525,0.7205040269934695,0,0
493,0.7339805790508402,0.15110433430750225,9.999261307814141,0.5008420150908686,998.8666988210368,205.52277218755432,0.7565116867559232,0,0
494,1.0580126662785077,0.2656790081100247,9.997239000010863,0.5665916738221413,999.517246556238,135.26872270466086,0.9009345111421849,0,0
495,0.6705835023039269,0.14088549755851207,9.996677523607875,0.8715244988233565,999.8317936759445,223.27679421439973,0.7380780863080019,0,0
496,0.9650216166240286,0.23926419771790025,9.99873048499102,0.5015030064873364,999.9373931808537,148.51934445760952,0.8593918518254127,0,0
497,1.419319248142256,0.38589218615097043,9.999765820641235,0.6109733411738595,999.3298450111679,99.49241036916051,1.095194931979466,0,0
498,1.2373271631190472,0.32724019656990944,9.997611281862248,0.7147641186863628,999.5239358840963,114.52019780819901,0.9934339681034542,0,0
499,0.6347209940156815,0.12035619773518282,9.998595028097226,0.5340432848352201,999.9827679495531,243.74263202704648,0.720680691605225,0,0
500,1.352065471183105,0.36048764823915164,9.99630189954054,0.5307040373645912,999.8544575374531,104.80614832837404,1.0546555096672432,0,0
501,2.99977736172613,1.9958319277315448,3.3465694584490224,0.5088788173755339,999.7697100165818,39.45199581859547,3.9418059326372754,0,0
502,1.3458562613712943,0.38850625985122367,9.998976323263292,0.501781438541842,997.2599973573474,103.14179992386937,1.0662784335318554,0,0
503,1.087169521554121,0.2695202690868698,9.999820951090214,0.5063848565631848,999.3301893438123,132.18615936332748,0.9121267483989733,0,0
504,0.9210916512882668,0.20654996262283945,9.999332790567411,0.5148066911525975,999.4898163917874,160.08402665434272,0.8306208629228206,0,0
505,1.193038027545448,0.3253339992756542,9.998806288564584,0.5084828069852918,998.101341021179,117.65860538074476,0.976417879684838,0,0
506,0.832626134353416,0.1859597176010096,9.99701863430893,0.8056768135985328,999.8987006174315,177.03725114244352,0.7971290444467835,0,0
507,0.9207087947419279,0.2248387679018067,9.996536810321071,0.5148446848491735,999.1917565655151,156.19021993047528,0.8398291958533441,0,0
508,2.451711734643016,1.0411521235337902,9.998600502290824,0.5222747850284012,998.0264996079192,53.49660889273538,2.0224773511943615,0,0
509,0.5227504248897537,0.10000446392561393,9.997758658422146,0.5136320423032192,999.7445093614716,294.39346540223767,0.6911300807668214,0,0
510,0.7950060034589193,0.1739741031961325,9.999540306399043,0.6650263164104169,999.9331106765312,186.39790022369388,0.7818219085449071,0,0
511,0.5717610300552971,0.12032393425612004,9.999745258732302,0.5401187978269001,999.8632237731128,261.11517569225464,0.7092249853331212,0,0
512,0.6292066213736113,0.11377241231577612,9.99848356785734,0.5166724495060162,999.863821148773,249.92795406131333,0.7163608048614996,0,0
513,0.9668322879577687,0.24005768928035726,9.994276165961065,0.5597836008068635,999.404899518223,148.19744800338506,0.8605894466866943,0,0
514,2.9992667108226216,1.2090806582323887,9.997239000010863,0.5113323527878906,999.6023461227387,44.71366796582892,2.554058318845972,0,0
515,1.095319071654506,0.2708054672128204,9.99946834197225,0.5903697133322916,999.3235257699649,131.3423885246038,0.915455591446407,0,0
516,1.0730831701372159,0.26814208899086456,9.998805057415625,0.5264022293060515,999.9589999196058,133.58800398463117,0.9068610224458507,0,0
517,0.6168645191904836,0.11956021363493911,9.99992231096876,0.5857595175574983,999.866280507683,248.86714295644865,0.7168756402921869,0,0
518,2.9798390074065173,1.142007686841223,9.9963609754967,0.5383644335193613,999.8951818272952,45.42194964036868,2.5031124203076662,0,0
519,0.6081637795145497,0.11425574570275782,9.999610242291485,1.1677708248155292,999.1518561090585,255.1857791267954,0.7127117252883658,0,0
520,0.6758310160183969,0.12905564904726177,9.999946589117355,0.5395893792284902,999.0396797877337,228.55983726212799,0.7331387537452605,0,0
521,0.8582121392718466,0.19960654792581278,9.998200011205796,0.97893569027926,999.8938040959904,169.8151108708538,0.8103831217226429,0,0
522,0.5632869822350042,0.10229151112562829,9.997520494711958,0.5989339594682761,999.438043396151,278.4082657532267,0.6989198224855488,0,0
523,2.89259307203555,1.0788067123756657,9.995624881688155,0.5378625803684907,997.8712526325679,46.94681808401688,2.39489973877182,0,0
524,2.659182778565188,1.0873105383957555,9.945715290279193,0.5234294608664696,999.3734736937058,49.89094342329113,2.2071349686343336,0,0
525,0.6410846102756991,0.1213975905204166,9.99845188713047,0.5276549227527209,999.5315261489305,241.46467492596966,0.7224715038608274,0,0
526,2.7961648680921236,1.0781816014251184,9.983172857576504,0.6720079549778583,999.3262101530613,48.16749914414864,2.312781695831162,0,0
527,0.6700942729215492,0.1360684845682787,9.998648045948801,0.8535342742973311,999.8833932778274,225.8954384021332,0.7354674613492613,0,0
528,2.5957116617956237,1.000412644497366,9.999723473795578,0.6499743605798304,999.9429956490887,51.650867391847406,2.110883704378577,0,0
529,0.9877709650437128,0.24414868353105643,9.999875584424919,0.6456104494641041,999.9972105418452,145.3257763864532,0.8684345634757812,0,0
530,0.8083103764313531,0.17684554403615846,9.998019827063125,0.5041434099463794,999.803098526802,183.36160784967717,0.7865463439963221,0,0
531,0.5685628944681044,0.10556436469405354,9.999935029639916,0.5318190884570284,999.7436007159658,273.71731775551814,0.7013006421351778,0,0
532,1.2628324315486008,0.38616857118122394,9.998384307947905,0.7966039473954363,999.9441478382522,108.24133284308024,1.0323825313014112,0,0
533,1.4354337959833472,0.45295344268410326,9.998952680488822,0.7898818777148199,999.6120528156304,94.90033790939064,1.1356384299748299,0,0
534,0.6242291602199126,0.12046729213658253,9.999062781306936,0.5078220555667092,997.9005265321501,246.30894558362567,0.7189402071185989,0,0
535,1.0425113771702486,0.2636793449758583,9.99999927688188,0.5817477915715683,999.8352742316309,136.9634153923738,0.8948806796639909,0,0
536,1.003771912750688,0.2364406969026577,9.998157551420533,0.5111536791622959,999.637370008052,145.01980753522534,0.8694824719346063,0,0
537,0.7855110251331974,0.1738661825996447,9.99497472020107,0.7683344587390711,999.403436254721,187.97331750851043,0.7797983091959115,0,0
538,0.6668305767929623,0.13290117048115876,9.999880961411488,0.5126396919812608,999.7133514899019,228.30950359379148,0.7331846630328646,0,0
539,1.172163735333658,0.30373588094399845,9.99857356699376,0.5718749620679406,999.7004354140837,121.34960156794266,0.9580644110971961,0,0
540,1.0219748245328497,0.26909284667789934,9.995650560639595,0.5075004827331963,999.6234645631066,138.1118583494588,0.8914665389600078,0,0
541,1.5626589761451635,0.4657486630801376,9.973863300380357,0.5417200223125078,994.0841530412513,88.56479973379646,1.2010651577136244,0,0
542,0.844186425630236,0.20551646787895608,9.999047427695391,0.6786657993800682,999.8298595392467,170.2505957186584,0.8097204922162095,0,0
543,0.5242059235780209,0.1010840380099411,9.99997546191795,0.6761919988625993,999.9083501786032,292.8275455739146,0.6917711892814122,0,0
544,1.0461038805625236,0.2655667308347929,9.999567004741314,0.5622295118593967,998.128913600904,136.36043605777198,0.897142474849621,0,0
545,0.8963912464194481,0.21894135740157677,9.999345543022349,0.6421406927953952,999.8316670612663,160.36099254589914,0.8300478298179408,0,0
546,0.6274882556315695,0.12825594567552895,9.999472690522515,0.6441959535894559,998.4164032694964,240.46330840495276,0.7233741771939927,0,0
547,0.8761824197049766,0.19890210396337601,9.998800113302563,0.8222413287380239,999.9717415233607,167.5715615557037,0.8146682243335945,0,0
548,2.2546923487328323,0.8760576934809872,9.997318312438958,0.5973152181166916,999.2746807949248,58.88538084560169,1.8007811897680763,0,0
549,1.3458562613712943,0.38525599581654196,9.999674112508872,0.5594431953664771,998.1969890678494,103.37069730279933,1.0645242810199531,0,0
550,2.9997630114614613,1.9984257692936471,2.3332679392167197,0.5301422872698102,999.5014483835331,39.14591426352471,4.591966683777787,0,0
551,0.5508005226609982,0.1025767412005296,9.99956496744424,0.6098287416139055,999.2821184252718,282.16375295907864,0.6968891452687961,0,0
552,0.5675843805606304,0.10237971079167976,9.99969916836853,0.6370004701721317,999.8763313025804,276.9881700495266,0.6995400701877105,0,0
553,0.7876825772126363,0.1810881677819594,9.99752506568322,0.9316004829388689,999.519106398979,185.3619903731436,0.783782550104645,0,0
554,0.5684673459971403,0.10627963122322646,9.999259907888408,0.5246868048677525,999.5296721686906,273.1077213108186,0.7016971463901989,0,0
555,1.1653649119777052,0.30373588094399845,9.999055994651755,0.5718749620679406,997.8388585855425,121.8474645158744,0.9558430341121046,0,0
556,1.7401889410462528,0.5753032994046748,9.999079170501687,1.2832076689592662,999.5561699528281,78.10352537630435,1.341980730710205,0,0
557,0.5541307602772552,0.10071812516935741,9.999811784645505,0.8498050246566968,999.9492100452471,282.9197202731734,0.6964326877057996,0,0
558,2.3743926130910777,0.8774114970020488,9.996076995718864,0.5165025997102665,989.0954604179489,56.61531850147074,1.885665493811164,0,0
559,2.301831300719169,0.9280805089334259,9.99413905283907,0.5005783825484285,998.8825775668414,57.31695492928909,1.8592094414708518,0,0
560,0.7825574790325591,0.17189954577565092,9.999901070194488,1.1149369881403548,998.985689078152,189.18260858237122,0.7779156847048165,0,0
561,1.426714813621031,0.45010256879014543,9.995055965063989,0.9632021234149096,999.6804394221555,95.49940798440191,1.1306578486035344,0,0
562,0.561150248996777,0.10209122360979501,9.999824870323474,0.5186393312745883,999.9301802165407,279.26067990900276,0.6982947912003105,0,0
563,0.9871102808839913,0.23527352372425142,9.994435584022066,0.6777448707883521,999.607750956856,146.94340310227346,0.8641123838511549,0,0
564,2.999480029412986,1.9837557683938924,7.768959161671221,0.5017416726974899,999.8393711763003,40.81109099269098,3.0850128725257893,0,0
565,0.6440442039023955,0.12980178217637148,9.999085671768498,0.679286105268245,999.9300576862369,235.44497312210135,0.7271725468877674,0,0
566,0.8875806479682999,0.20829604520568318,9.999643388201246,0.5307951418545329,999.7720228139633,163.78046305545882,0.8223585677429845,0,0
567,0.6495688377697089,0.12714160766744928,9.99845188713047,0.6145149195835506,999.3281764832283,235.72316870307645,0.7270064002292513,0,0
568,0.8841053278294173,0.20953855047414305,9.999331453916168,0.5039574988794648,999.8299725995789,163.93320121260516,0.8220660450121015,0,0
569,2.9804251334127896,1.7035241416823477,9.795033726385215,0.5205172534385059,998.3394760794943,42.46505781456268,2.7948312608853225,0,0
570,2.6884498755419344,1.0796410307163973,9.999490712198977,0.5165025997102665,972.4928952875033,49.561641238775636,2.2268389057622877,0,0
571,2.853098234808372,1.0781816014251184,9.98316700233641,0.6720079549778583,999.3262101530613,47.453843942872496,2.3610267247682017,0,0
572,0.8486934818100593,0.1925516606555827,9.999311376039271,0.5052397449836694,999.9946692548389,172.86312607883198,0.8043528908843959,0,0
573,1.4259308867756744,0.43587509906653443,9.999762838267896,0.5140751497181953,999.7452674455682,96.17472214052798,1.1229667217262005,0,0
574,0.7526818572509569,0.15785988849077043,9.99920259694111,0.9578374587301486,999.6798479965964,199.3969002425405,0.7639813397664074,0,0
575,1.4361407080675122,0.39783316917046496,9.998952680488822,0.5175937276562899,999.2088140592598,97.87042922131731,1.1084231572922139,0,0
576,0.5149591850544758,0.1005897992087124,9.995859389083796,0.8085809735893605,999.6238753283959,296.76428033867853,0.6903170868692252,0,0
577,0.5404345532426313,0.1011966487905501,9.999495134115373,0.5101820355310234,999.1648072949752,286.9556677766522,0.6945175839982982,0,0
578,0.7639919801758811,0.16025823580629048,9.997530378618066,0.5024838493584455,999.519106398979,196.39047140946138,0.7678533038379775,0,0
579,0.6483606592227652,0.1284182963092654,9.999961110041085,0.5051253776737644,999.530660295754,235.20668177205292,0.7273137803330513,0,0
580,0.8229480400079828,0.18582944403456522,9.999593594662645,0.5131572928567013,998.101341021179,178.42964963519321,0.794711791667182,0,0
581,1.1646625408044706,0.31797152105616966,9.99815727765192,0.5541199214707999,999.9044576549213,120.42140952518609,0.962553293867144,0,0
582,0.8654909589889069,0.17787874391513947,9.997586064996867,0.5813229710971386,999.7544016121793,174.87496937689414,0.8014458537360235,0,0
583,2.181036312642973,0.8128108530537991,9.994922705505125,0.5878732444177864,995.160872584434,61.268800692741166,1.7206835956157387,0,0
584,2.3748927825456416,0.944529122105358,9.996125722784608,0.522131534494488,999.462836365887,55.79771412731437,1.9185294545141593,0,0
585,0.7234627473799103,0.1436241917784437,9.999673577873875,0.5167323309371153,999.9260330779676,210.9535196543188,0.75034556679463,0,0
586,2.565493342241809,1.027693864900223,9.99873048499102,0.5015030064873364,999.9373931808537,51.80930165694235,2.101180090696883,0,0
587,1.5947585134406175,0.5293071812917337,9.996713120863067,0.5621884784546741,995.9116262295237,84.70949119622489,1.2467167117857902,0,0
588,1.1695128789048883,0.30354077743894925,9.998487015492497,0.6755010814195221,999.4717618380271,121.5848342943108,0.9570629572153527,0,0
589,1.5252075258251132,0.45295344268410326,9.998952680488822,0.7221106883972881,999.5822899663065,90.78628040099592,1.1755095807864382,0,0
590,0.7944754204533483,0.18706086769563926,9.999701094214453,0.5432279777723434,999.8668277103704,182.43630936447772,0.7882373776421974,0,0
591,0.5188696772279969,0.10017214439148368,9.999935029639916,0.6318940513401915,999.8886806238252,295.6811324655143,0.6904843152038105,0,0
592,0.5073501760400997,0.10023938410754446,9.998829616639298,1.2416768844281574,999.9541381933045,300.1116953418626,0.6887934346317929,0,0
593,0.5971789533883343,0.10658770141493218,9.998811687338108,0.9324387120537484,999.8856774104648,264.459578249382,0.706858112323401,0,0
594,2.9994757401530436,1.9891252304204803,3.697120006114817,0.6127443254041582,999.8279487527816,39.59817988568966,3.796512061833625,0,0
595,0.6037732085068697,0.11505894028420621,9.999537823123237,0.5280512032313077,999.2769778115043,255.64255208662127,0.7123062476834121,0,0
596,0.7314370472163003,0.14720206700406074,9.996211515343784,0.6272541613416899,999.9278954235982,207.77530868145752,0.7540477636087786,0,0
597,2.1943732514942242,0.7587527264720455,9.998779159522533,0.6565061104349221,998.4894841589116,61.88155796193286,1.7018797878391527,0,0
598,2.2775470566560956,0.856511903144847,9.999870332236473,0.587795960636848,993.5025416382116,58.69966771932564,1.8069995194794815,0,0
599,0.7318223087328173,0.16364159734584607,9.999868252027644,0.55144232752361,999.7449191016217,200.8645977052403,0.7621874844903088,0,0
600,2.965954886023721,1.118636244419529,9.999149980969205,0.5470312544315474,999.9596970311505,45.76456220842009,2.4788979151227952,0,0
601,0.5136542042289964,0.10148942709102503,9.999817412945657,0.823040858028721,999.0171226448418,296.38048804057246,0.6904283237285909,0,0
602,2.9997630114614613,1.9984257692936471,2.747028719640598,0.5301422872698102,999.5028404204509,39.27004249765187,4.2691977699897325,0,0
603,2.6526369715739833,1.0542820684618155,9.998935678671767,0.5656668962903351,999.8139158802394,50.29627779447385,2.182685303281351,0,0
604,0.6380926350632447,0.12912926525442642,9.997777814981827,0.5368506774918511,999.9330322047837,237.26553952620475,0.7257567954404546,0,0
605,0.7913821289477218,0.17453993958685707,9.99873048499102,0.5019146115595091,998.8756143785496,186.75468470701793,0.781388869834674,0,0
606,0.6346707547200023,0.11112835731997954,9.999918584191914,0.5133040487216703,999.7925855018113,250.6506794358887,0.7160100402708544,0,0
607,2.9999334679849152,1.9981080418347306,1.3232348315158675,0.5207237357859145,923.4431761291419,38.83992216498415,6.2359033008345515,0,0
608,0.732041372004133,0.1432693936198799,9.999940123873001,0.6498246625067807,999.0391925848975,209.5328264509275,0.7521165493284513,0,0
609,0.7608163089258746,0.15704429451873625,9.999219753787642,0.917383796747201,999.1756580770968,198.29731644380817,0.7654698832055975,0,0
610,1.1251960563751593,0.2822055377997651,9.99956496744424,0.6103922353980988,999.2821184252718,127.43051437469003,0.9311062859962012,0,0
611,2.4157345476318235,0.9656687069193526,9.999592705837099,0.5053426703353285,999.7210465921964,54.85174136713024,1.9582486328150397,0,0
612,0.9877709650437128,0.24729468198174043,9.999875584424919,0.6446861453610648,999.9664165532814,144.80452959956602,0.87001064221199,0,0
613,2.999479660355825,1.9991652915576261,3.9418128610041205,0.5224779753713612,998.8185668597948,39.62824298366721,3.717684560475404,0,0
614,1.2326795070470007,0.3253339992756542,9.999109371998912,0.510636650423973,999.6213494288928,114.96358948774619,0.9906742294685387,0,0
615,0.5596881839583892,0.10316968999311596,9.999083682184942,0.9435320541488845,998.8438902357362,278.78703924442783,0.6987340393653917,0,0
616,0.6961493913609025,0.14508551365764938,9.998370429480563,0.5560222786487661,999.3857817233966,215.68291248904143,0.7453793044755402,0,0
617,0.9871102808839913,0.2320981135630755,9.994417511357927,0.6726063114548388,999.8906789517897,147.52387725718728,0.8624972764156658,0,0
618,0.6305005125878607,0.11425118243504365,9.999178821884994,0.5848375581898779,999.9598699621946,249.2473209698815,0.7168003011160787,0,0
619,0.7522674438763545,0.1574396061141212,9.999608140986156,0.5945561675342542,999.6794337403138,199.56665995019702,0.7636574097485265,0,0
620,0.8223932336540459,0.20551646787895608,9.99851038444378,0.5451609568975779,999.9117749298729,173.3628177406043,0.8042911437131559,0,0
621,1.7800261434294222,0.616814932981721,9.993663499773456,0.9146965416476811,999.8930556093047,75.57230677929373,1.3840091486623884,0,0
622,0.9112728490801811,0.2094975657507115,9.996969248655084,0.6754214727910526,999.3839902270156,160.60404400964467,0.8295247361518928,0,0
623,0.5939532661124154,0.11423017302322837,9.999603106227404,1.2832886664860128,999.9017353422668,259.1624977278294,0.7100618317682019,0,0
624,0.5541307602772552,0.10222662542898976,9.999811784645505,0.8498050246566968,999.9486258646602,281.45459846899195,0.6971869962596431,0,0
625,0.5096940330233989,0.10118724010987495,9.9990019590148,0.5688823935468723,999.8084259933601,298.1363033149934,0.6896308892514995,0,0
626,2.999770233997727,1.9987171259035237,9.676199277800507,0.6088763475149903,999.5754621690058,41.36373078106878,2.9659260667200193,0,0
627,0.7339805790508402,0.15536690896029837,9.999261307814141,0.5013704287295598,998.8679851179647,203.70720940528247,0.7586428451607456,0,0
628,0.9977007609020897,0.25200558842560183,9.99939699073787,0.5086430547326892,999.2388275538615,143.0136611767604,0.875420142966907,0,0
629,1.529872225349742,0.4870835265239845,9.999732277125776,0.5754462165493114,998.9255707911889,89.01030455513465,1.1947390621334355,0,0
630,0.989752389319377,0.23646598763387353,9.99989343352951,0.6472978997407357,999.9963907642664,146.45417872415246,0.8651801519466324,0,0
631,0.5360341230116196,0.1013190988354428,9.997837659086137,0.7159949844310408,999.3855217987407,288.39591277260513,0.6939290626036753,0,0
632,0.8229480400079828,0.18434071767369006,9.99958610577139,0.5024976706993088,999.3560334408689,178.86210481171926,0.7938420140397283,0,0
633,2.9754788689471745,1.0788067123756657,9.9955893125104,0.5691292635096237,999.2144944852502,45.990039422382615,2.4677237751106005,0,0
634,0.7855110251331974,0.1738661825996447,9.99322737158831,0.5238080773842752,999.403436254721,187.92388802765566,0.7798857797937879,0,0
635,0.8130902113729763,0.18712172968930504,9.997517438978125,0.5315822749093392,999.2468002036151,179.53430259262603,0.792927754246921,0,0
636,1.3513628947985055,0.4268630887591002,9.979928869645631,0.5073618310927923,996.7858533635863,100.52153409050054,1.0886868212839864,0,0
637,0.6382710489446769,0.12573070608588305,9.999909644718223,0.5606645677139412,999.956676353843,239.32042234994734,0.7239826931883095,0,0
638,2.9999532355876615,1.9935727365747926,3.5895234855137272,0.5253062223966426,897.8861183862962,39.531891198332815,3.8510595299806565,0,0
639,1.5947585134406175,0.4725656342630588,9.996713120863067,0.5394166771496826,995.8980935212663,86.97339748691883,1.2183473026944036,0,0
640,0.5542790219433763,0.1002457415150111,9.999791376557505,0.5507271665579597,999.9754287667693,283.2794931654642,0.6962195444559286,0,0
641,0.7100174014105014,0.14508551365764938,9.998370429480563,0.5560222786487661,999.1695001909452,212.87720295969066,0.7483260741915476,0,0
642,1.6805017768612969,0.5900752786589114,9.999575405811981,0.6425660396699869,999.0834962945613,79.58141254653205,1.3187635376908955,0,0
643,0.5275084028853522,0.10113546092515678,9.998032121114303,0.5232281390329908,999.7986199379646,291.55178223261277,0.6924260531030224,0,0
644,0.8216462243412583,0.17441639823158145,9.999278006725486,0.7641139888734697,999.9034675782915,182.19354672973336,0.7885193332563245,0,0
645,2.999420194120073,1.9981675063242847,1.457701893695103,0.5220118339203325,996.7509786982998,38.886075236693564,5.878944538588675,0,0
646,2.247524410242216,0.8351617267478345,9.999042493962708,0.6099061750681006,998.149003753611,59.58882160453629,1.7755190823342142,0,0
647,0.6374848585468003,0.1253423542163281,9.999825192404357,0.5146730057954301,999.3235257699649,239.7508447986841,0.723705652587922,0,0
648,0.8828176578209609,0.21378346472718646,9.996336283639096,0.5626899773188478,999.461953284203,163.1614157908554,0.8240338715009882,0,0
649,0.5939532661124154,0.11331277450802041,9.999603106227404,1.2583169398688543,999.9011097658275,259.86626195495586,0.7096031950805772,0,0
650,2.965954886023721,1.1386422930118094,9.999149980969205,0.5457003390433801,999.9596970311505,45.60722896275666,2.4889009394189356,0,0
651,2.999861701071708,1.9923293893971403,1.158562331780793,0.5008394309198749,999.7021721297483,38.80185700215819,6.76176358526289,0,0
652,2.2546923487328323,0.8575531957459114,9.997318312438958,0.6110433740361413,999.5680113952083,59.134437316023266,1.79149957386301,0,0
653,0.5844886677474825,0.11026835416702313,9.999442785919372,0.6092999895352093,999.7650851851482,264.89925888316947,0.7064295867501301,0,0
654,1.5829417375044008,0.4459343675887576,9.996065885769406,0.5463398661389557,999.7163987048614,88.70643143626934,1.1990480167474216,0,0
655,0.5235246457318089,0.10067431525122664,9.99973634782338,0.5183704109225108,999.2843950411641,293.4467711619861,0.6915336605269091,0,0
656,0.6145163609202768,0.11378239724115213,9.997203055281094,0.7772537139192223,999.8329463397666,253.7712657652894,0.7136923468149504,0,0
657,0.7490973845770977,0.15066241587895393,9.99920259694111,0.9829326713681938,999.9905188339986,203.06389298679525,0.7595440631345599,0,0
658,2.3792254666493236,0.9725191870886191,9.953726967455795,0.5383086931728769,999.6641290415624,55.40683818597857,1.937724672462752,0,0
659,1.7143047621550287,0.6118127321859637,9.99920240908973,0.8031815557690439,998.9140133826824,77.83795291743569,1.3468810881782587,0,0
660,1.7966127967266514,0.6287736570317398,9.999203253039253,0.8038223230927508,998.6277969876223,74.72479557502402,1.398736709096564,0,0
661,1.7387741876878364,0.4921547384045578,9.997701460978135,0.5923304091247239,997.2598203251839,80.9483701564042,1.299967444830365,0,0
662,1.2019214562713503,0.34336685574950443,9.999103635025849,0.6258647337915152,999.9940698387228,115.44838626438006,0.9884211212176317,0,0
663,0.6815624494790465,0.14000649930218137,9.999021603958678,0.5879221647753218,999.2729109577436,221.26424470132397,0.7398040419294403,0,0
664,0.6802467336678492,0.14000649930218137,9.99973518080956,0.5302215550781084,999.2762429199958,221.5367040035196,0.7394992618895058,0,0
665,0.6240504216930655,0.12254524014605934,9.999405290367184,0.7639592037607711,999.7826501208477,244.99859202724735,0.7197399363585065,0,0
666,0.572018971744077,0.10608386244161554,9.999074568624934,0.5356340269379184,999.1698659098063,272.1912700696282,0.7022521450558803,0,0
667,2.2775470566560956,0.8765293380921606,9.997308682222204,0.7939540115240732,993.5025416382116,58.47350110864252,1.8171363555954883,0,0
668,0.6149811003398519,0.11270474821903359,9.999799571435728,0.6009979354225864,999.8741219440661,254.45416897790994,0.713105248195196,0,0
669,1.5273412843626624,0.4440504004039603,9.997092130281668,0.5484351758257929,999.758574664738,91.10203233130429,1.1721104941800666,0,0
670,0.6459743918401296,0.12504903993391242,9.999692025700831,0.9428266159610788,999.8922372454698,237.9619979301157,0.7251431338300132,0,0
671,1.0090181315451052,0.25232301374989863,9.99883492149992,0.5719808959072148,999.7143785409783,141.85203317980867,0.8789659763619947,0,0
672,2.9994814432628756,1.9914139540397362,6.592679015670413,0.5341426209265006,968.0772179544949,40.44528596228643,3.2069548854204393,0,0
673,2.9999157458813697,1.9981705827166323,2.127013182309938,0.5204831498763196,999.5385038671044,39.08104783166574,4.799769791740036,0,0
674,0.8544528856633524,0.19656042803820156,9.995030545642543,0.6756413030296888,999.571523243504,171.04253184421572,0.8080851363912658,0,0
675,0.5325582478765114,0.10064971439275516,9.9990019590148,0.5688823935468723,999.8084259933601,290.2408442766886,0.6929366684051859,0,0
676,0.7564157858235453,0.16884555786130132,9.999274078158432,0.7145004772734525,999.6858437505459,194.5708273207166,0.7703152293116524,0,0
677,0.6149811003398519,0.12384607155695294,9.999767902752328,0.5884409223514872,999.7969617649984,246.46963692678762,0.718685211923284,0,0
678,0.5608217180365531,0.1026431963691401,9.999867731714176,0.8684314890098009,999.9965822360165,278.90830106683086,0.6985067033771241,0,0
679,0.5604528121947365,0.10698076847025385,9.99975289655808,0.5330992919051449,999.3264061856597,275.0084438225714,0.7006862477019595,0,0
680,2.998629468133684,1.9957405912811088,3.204067152810686,0.5254406890604476,993.8015846643476,39.4255479572977,4.007777412652073,0,0
681,1.437403832797592,0.4062570207308454,9.999579711960255,0.6458280975600897,999.9617650361024,97.3138702985194,1.1130728160744252,0,0
682,2.6526369715739833,1.0934982174402033,9.998935678671767,0.5653528633040963,999.8139158802394,49.95604966055744,2.2022933777705447,0,0
683,0.5913839706096657,0.10513836481625827,9.999073112745979,0.5085365235156925,999.3148053705447,267.30906606092,0.7051443476152414,0,0
684,0.5078414796019805,0.10054300122594127,9.999680138610511,0.5301705914118013,999.8187721945991,299.4777091652574,0.6889910655201543,0,0
685,2.9998331858593676,1.995387288788127,5.716289665122408,0.5201192736073319,965.5264541106476,40.16565611700463,3.3258072087707498,0,0
686,2.9997642961352935,1.998796089574797,0.5296166403728737,0.5018638666425193,999.4870660075782,38.598221825288704,11.890028216929514,0,0
687,2.999599719817544,1.4497601195848997,9.999861947908029,0.5942781013585813,999.5174541343624,43.354288531422725,2.6745750122446212,0,1
688,0.6360611133415712,0.12958183317806554,9.999576605108505,0.520914960418327,999.9265219705319,237.49296471234751,0.7255054965586482,0,0
689,0.7194750955406737,0.14934993411247144,9.99838023801499,0.6866149791425205,999.926087324901,209.083896940856,0.7524100220551038,0,0
690,2.9999908819307723,1.9957642154339712,1.6614441877689075,0.5206225272335453,814.5110420418284,38.94660434365213,5.480076956298884,0,0
691,1.2028187634445549,0.32573773767985853,9.99548676963362,0.6971657303476857,997.4560756392079,116.97566774433818,0.9803656201463266,0,0
692,2.9899588219459505,1.9837557683938924,7.768959161671221,0.7037923617822041,999.8913166204857,40.95766600400042,3.076453673094893,0,0
693,2.9996290729242205,1.9995766024974673,2.061642954041054,0.5201294459801459,992.3593089830623,39.06103274822448,4.875474646077698,0,0
694,0.6141266402662031,0.11342826927509099,9.999902095413903,1.1677708248155292,999.9199908336556,254.2278332074576,0.7132997610143079,0,0
695,1.4173462150841705,0.42763114508727257,9.999679435428387,0.5310702456814462,999.8333159689186,97.04514866594123,1.115178816479983,0,0
696,1.2623574686544885,0.35132854760528015,9.988200485530793,0.5400330395780122,999.659234123931,110.78471664167286,1.0153209914950625,0,0
697,0.7299729876859808,0.15066241587895393,9.99920259694111,0.9561855614927512,999.8763059759591,206.55592240200397,0.7553125366172273,0,0
698,1.0115297362929885,0.2713439164204307,9.999871660918298,0.5111646141563472,999.6917554802781,138.81596216739527,0.8891880703137708,0,0
699,0.5390410440767188,0.10064971439275516,9.9990019590148,0.5688823935468723,999.8084259933601,287.9825869966899,0.6939787123778889,0,0
700,0.6879836978915493,0.14320297823991945,9.999145289917656,0.5231642287020464,999.920274755437,218.28760766039812,0.7426504367218337,0,0
701,1.6981669978189537,0.5993937711315753,9.999575405811981,0.6453990934105228,999.0834962945613,78.69949938407849,1.3323755234943468,0,0
702,0.7106267882024262,0.15180614245468155,9.999506769803949,0.5392883121277885,999.8724194121531,209.7020390358731,0.7516890584568908,0,0
703,1.610708628551998,0.4725656342630588,9.996713120863067,0.5160498640687345,994.0841530412513,86.34778087886654,1.2261996632852312,0,0
704,1.1855975600318893,0.32896391905777056,9.999922715751662,0.586263032784102,998.9396218172731,117.86135262050279,0.9754382103020195,0,0
705,0.586805597549366,0.10653707968390666,9.999067826160243,0.6800573881342342,999.8043427569949,267.4139541591504,0.7049858438296022,0,0
706,0.7758407592114973,0.17170611272327532,9.992755649829169,0.6081320058870588,999.8294484302551,190.25092698277376,0.7765219270777933,0,0
707,0.9126743382033401,0.22917488841757006,9.996981893085335,0.6083517839493069,999.9765318079271,156.32367058632664,0.839686909129635,0,0
708,2.999882839605801,1.9990721861743839,2.8254869213474905,0.5138658028237214,998.8815228286778,39.28737501441276,4.219149116074177,0,0
709,0.9237545799806005,0.2155499506603662,9.999918304958197,0.5297776690452962,999.837734244943,157.75275102553445,0.8357936679298648,0,0
710,1.2590348102174176,0.35014470739557474,9.988241509923402,0.5463542584548017,999.6279907205179,111.09128540781371,1.0134734830989653,0,0
711,0.6168645191904836,0.12065424969078693,9.99992231096876,0.5127694004098313,999.9540408031304,248.0941379388076,0.7174138807134711,0,0
712,1.1476602776709732,0.2835542349682783,9.998524533732185,0.5311339811081431,999.5125319609027,125.50620512116527,0.9394682892037198,0,0
713,1.8955912940243016,0.5883400387558242,9.998928400786427,1.1467970922179802,999.9847578945967,72.97999915822952,1.4332150824117122,0,0
714,2.999054418689383,1.4497601195848997,9.999861947908029,0.5929460383017962,999.5174541343624,43.36008373934767,2.674084351314245,0,0
715,0.7339805790508402,0.14756663427476366,9.999261307814141,0.5247775506032824,998.8666988210368,207.1141171430014,0.7547428367395539,0,0
716,1.2326795070470007,0.32972697861120537,9.99912464881028,0.9268802156250404,999.6213494288928,114.63732268117973,0.9928699551608353,0,0
717,0.6208947183134377,0.11831022935652914,9.999791376557505,0.6103618124390133,999.0079234686332,248.70345569945624,0.7170913899249007,0,0
718,1.720417121640272,0.5417371600174079,9.99705851374102,0.5627674118036299,999.7801246979791,79.69624593056939,1.315012950826819,0,0
719,0.6082009457196962,0.11378239724115213,9.997203055281094,0.7821525034863992,999.8329463397666,255.46199128922302,0.7125340516952954,0,0
720,2.999501511818378,1.9989392085473157,1.3267865706909319,0.5208555719194536,970.6913903680427,38.843733482962385,6.220543980273426,0,0
721,0.6081637795145497,0.1158408170416016,9.99998176404504,1.1677708248155292,999.045339289752,253.9882978503654,0.7134963550230455,0,0
722,1.9172120339289107,0.7267213851342617,9.994961045027686,0.5505176194065116,999.867976843334,69.02809528829087,1.5149812688502697,0,0
723,0.7509660733544952,0.153020198269726,9.99920259694111,0.7919985946247957,999.878974210499,201.67081824127786,0.7611545830105911,0,0
724,2.3244753910975318,0.8567674347907825,9.999474716188457,0.51937848249432,998.9175207985506,57.79595668134771,1.838996224761605,0,0
725,1.1527966525096225,0.31014006473067746,9.998472400049073,0.5225593085212192,998.5643491706193,122.09311743015287,0.9546312138266793,0,0
726,2.6526369715739833,1.060478376690797,9.998935678671767,0.5656668962903351,999.412663011124,50.240856792205946,2.1858236137361255,0,0
727,1.7990056864202755,0.5996717559327192,9.999013541056938,0.5351080827304242,999.7540823104993,75.36877643515459,1.3853730225633605,0,0
728,1.111245791060668,0.2989406680113569,9.99661636476943,0.8236591521889978,997.5170732362668,126.60426297034512,0.935118564957448,0,0
729,0.9557493768564316,0.2264660554126394,9.995947832657897,0.982851717659392,999.5251704047143,151.9820226953135,0.8505017544277799,0,0
730,0.7093287279953921,0.14870047125386535,9.999957954804865,0.51001915167557,999.9913431377056,211.32963263120934,0.7498252902431863,0,0
731,1.0219748245328497,0.26007297090843134,9.995650560639595,0.5338863599509134,999.6234645631066,139.40598792383818,0.8869566010752737,0,0
732,0.7490973845770977,0.153020198269726,9.999220467008813,0.9561855614927512,999.8788820745825,202.03584474257212,0.7607332258197295,0,0
733,2.986645761533448,1.864511703124549,9.883628204312096,0.5085008042171698,996.9924589823851,41.912500369288935,2.8764525476685545,0,0
734,2.355319282839317,0.8728941451814243,9.999082352001679,0.5005783825484285,999.9479872828913,57.01307203288727,1.868627499360868,0,0
735,2.9513282525303337,1.233977071847581,9.999443701168689,0.5753555548183571,999.8391234917667,45.10183157822864,2.5235832107797123,0,0
736,2.4216394456865578,0.9805703981617511,9.966190219970349,0.5440587206199634,999.7374291333107,54.591153639677465,1.9716583276966326,0,0
737,0.6459743918401296,0.12504903993391242,9.999692374013044,0.9804704420468665,999.8922372454698,237.96952679982653,0.7251431164133304,0,0
738,0.7591711248189029,0.16797133983709256,9.999338973123422,0.5714339938843386,996.7975639052673,194.37066165179178,0.7707911154251302,0,0
739,1.275591428247481,0.3902839973100028,9.994658974709859,0.5840158746259716,999.9627241317835,107.13257617150975,1.0394829441270286,0,0
740,0.5283740292816319,0.10070873992304516,9.999093062334923,0.5052397449836694,999.9958943074621,291.65689354067865,0.6922769987516646,0,0
741,2.999921959456379,1.998871445072526,1.5876524870567446,0.5140990549014111,992.8566623264948,38.91613901040216,5.599388753512071,0,0
742,0.8083103764313531,0.17481213770088966,9.99797238816402,0.6790999622009928,999.8041741135652,184.05433130952295,0.785531906123623,0,0
743,0.5188696772279969,0.1008111129505605,9.999935029639916,0.5711218540470824,999.8770764887233,295.0362397473923,0.6908049601687255,0,0
744,0.9373508662204607,0.2095023627312783,9.999201238023051,0.6754214727910526,999.3839902270156,157.55064071861366,0.8366467585629745,0,0
745,0.7193804445764427,0.1465362004829128,9.998983316638816,0.611906182245981,999.8878065012854,210.37310383824095,0.7509563937928673,0,0
746,0.8520405241733185,0.20957474976031004,9.993314068251426,0.5068525509798029,999.1471454038624,168.1803463438436,0.8141032116083644,0,0
747,1.193038027545448,0.33496690187410694,9.998806288564584,0.5087438063186677,998.101341021179,116.77471140613669,0.9812343309840643,0,0
748,1.1167877992755804,0.291815422506338,9.999600866676811,1.036028408369419,999.7941547543652,127.01784824523997,0.9330305057701789,0,0
749,1.0730543834154653,0.2736736189805153,9.999628934114302,0.5504628073392412,999.9540490835182,132.84177849521404,0.9095768152408958,0,0
750,1.520092759906964,0.4645798186418437,9.996112295692932,0.5373209297713397,999.7390144410051,90.41658343663761,1.1791127753141502,0,0
751,0.7350786848380952,0.15729577261814243,9.99987525458281,0.55144232752361,999.7449191016217,202.72460855990477,0.7597307391913588,0,0
752,2.451711734643016,1.014425787734909,9.998600502290824,0.5229947487582209,998.0264996079192,53.749802074963924,2.009114183294921,0,0
753,0.7193804445764427,0.14247341191610594,9.999008156481436,0.5154959968162991,999.9663986144556,212.29984105702516,0.7489158969105504,0,0
754,0.6708704470526977,0.14009411193828958,9.998643076813389,0.5129554087507995,999.2172094736136,223.5428476571411,0.7377033252219737,0,0
755,0.653447793556738,0.13766987351151688,9.998010928399468,0.8959544379663367,999.5848742418344,228.8505410543427,0.7330250427732881,0,0
756,0.6886083102863205,0.12927043193106683,9.999073112745979,0.5314657156212328,999.7168830880835,225.68366284142576,0.7358370950825199,0,0
757,2.8876305982452264,1.3334361167504398,9.999141159873528,0.5030531357969475,999.8530680713061,45.23024319945167,2.5175372702102905,0,0
758,0.594645742736302,0.11112835731997954,9.999321610895926,0.5133040487216703,999.7925855018113,261.25584214269844,0.7086593800723584,0,0
759,0.8602295258000757,0.19800991643934057,9.999134164738653,1.4936745451550912,999.5796561213293,170.04904061719918,0.810089531354344,0,0
760,0.8540539891019793,0.18678805169416773,9.999237788343345,0.5117172383322104,999.9639917055027,173.72734622952504,0.8028469727392357,0,0
761,0.9112728490801811,0.20654996262283945,9.996969248655084,0.6746877960826951,999.3868516691937,161.28508200904716,0.828050648091698,0,0
762,0.6730577804695652,0.1312361250913659,9.999047834085388,1.2938593942584482,999.7073549900762,228.0326717690111,0.733645964820147,0,0
763,2.322462033683059,0.8704537032807429,9.997879822496282,0.584903632255699,999.5959091117348,57.66236090569145,1.8444477931053465,0,0
764,0.8198266582592935,0.19184644909639942,9.998126456358289,0.5627617189173643,999.795536478433,177.21401482099566,0.7968547322568378,0,0
765,2.2789920166649407,0.7497094413029364,9.999794857290839,0.6479776057505071,998.0768672538909,60.34708276169648,1.7541283536319245,0,0
766,1.8101922473354999,0.6122696408073587,9.94450958570289,0.6925400665533741,999.91245547468,74.69728539591326,1.4004529740243348,0,0
767,0.6484923363825768,0.12977816393621297,9.999703221208033,1.2335646139610479,999.958894218446,234.50501605341412,0.727989378647277,0,0
768,1.9958041242865854,0.7076240907211576,9.99893910745329,0.516391024887141,999.3439583708541,67.33987435650441,1.5514158582241082,0,0
769,0.6651553698645087,0.13215298675201212,9.99903483793679,0.5120053105584556,999.7925855018113,229.11280098928677,0.7325102517990326,0,0
770,1.3086353989676636,0.3591077914610282,9.999603962522041,0.5285236937059776,999.8379786881505,107.36785635043806,1.0364688942600606,0,0
771,1.2841481327185496,0.3558772207940408,9.998667285307777,0.6645634832381471,999.8025265005092,109.10472757234359,1.0253804702784357,0,0
772,0.9144728977145058,0.21378346472718646,9.996336283639096,0.5626899773188478,999.461953284203,159.24035334236794,0.8325679210550698,0,0
773,0.5810024340315048,0.11357801994521062,9.999427050176942,0.6553313406985447,999.7124597187822,263.292417472497,0.7074809956562309,0,0
774,0.9585185658953488,0.24209145647764196,9.999841367221187,0.5719033351843956,999.7840021195399,148.74869751998594,0.8588889406330592,0,0
775,0.635780891370475,0.126313596273677,9.997863485601556,0.5302417542562772,999.3719816350667,239.56034002082743,0.7239590892618673,0,0
776,2.283799926084238,0.9465630377719743,9.99617639053748,0.5626473554232405,994.4054806468537,57.46259189399536,1.856396687252971,0,0
777,1.303756953080985,0.3712646279921272,9.999862396078393,0.9103335551477626,999.923477486764,106.81840368330077,1.0406141760298093,0,0
778,0.5875626462098776,0.10237042390299392,9.999986620310478,0.515054037194893,999.7086321218475,270.98208869775283,0.7029995056998548,0,0
779,1.2189234218676575,0.3487520505859958,9.999342638350985,0.6594853558853114,999.2641218585549,113.84497462847375,0.9973486837985331,0,0
780,1.0090181315451052,0.2505348997132369,9.999395770751981,0.5669349068312518,999.7143785409783,142.1340513120002,0.8780438719188056,0,0
781,0.7426861993080348,0.15685726708980396,9.996444850466679,0.5996952684575864,999.9415883860612,201.51746782514866,0.7613497143384816,0,0
782,1.7739083699368543,0.5886236353771858,9.99437616746879,0.5511242308323373,999.1130168359111,76.4700195771634,1.3666945803415698,0,0
783,1.1277628973498728,0.280294198211124,9.998411635178087,0.8088836936768788,999.688680068514,127.50922075545881,0.9310350445471994,0,0
784,1.1527966525096225,0.3082456860950307,9.998472400049073,0.5225593085212192,998.5643491706193,122.29127556537975,0.9536840245088559,0,0
785,0.9977496519997501,0.2427356244642483,9.999381316867526,0.5093800346410584,999.7047001078091,144.52431711807517,0.8707539422245514,0,0
786,0.5134395738880881,0.1005897992087124,9.999942150658352,0.8072906359723364,999.6508097136025,297.3399856496914,0.6898757527196133,0,0
787,0.9237545799806005,0.20983718948932834,9.999235299487378,0.8331744051196978,999.6595436651426,159.0762613267091,0.8329892685281085,0,0
788,1.2140197577544523,0.3544792754652619,9.998728766368785,0.507009711433978,997.0086068722554,113.68239681792124,0.998679840169039,0,0
789,0.5055539546965643,0.10074825662696495,9.999617382779507,0.6132976389532118,999.841972352417,300.1826695642336,0.688746785335342,0,0
790,0.6658499529845529,0.12911973412204772,9.996643925235805,0.6749638143078539,999.6835538516314,230.76546720266217,0.7312628057495821,0,0
791,2.9997492431717836,1.9940839999888431,3.142203507924102,0.5117132199610321,999.4040361303793,39.395957328228555,4.038115988864814,0,0
792,0.6758310160183969,0.1260229549566171,9.999940123873001,0.6498246625067807,999.0355674352527,230.4465521362011,0.7316231419937365,0,0
793,0.5331003685260164,0.10180462285149117,9.999749458149251,0.5112060735201908,999.998400097496,288.9114700310149,0.6935443992610395,0,0
794,1.6871086854128052,0.46458340759915867,9.998784807653449,0.7190684435197972,998.4755366002222,83.94111345094163,1.2594555073542328,0,0
795,1.6348033076839636,0.5194213780533521,9.99991493894439,0.5306344093297275,998.584514661024,83.52773143465991,1.2607439695155787,0,0
796,1.0985692285764035,0.2695202690868698,9.999865792724494,0.5052614688449304,999.3413899542599,131.2314633942526,0.915860901903393,0,0
797,0.536716501223467,0.10095938609502428,9.99957911877094,0.9194362850876903,999.2243799554775,288.5515939848709,0.6937880506073356,0,0
798,0.879901924705105,0.2069673687690089,9.99550864621329,0.5367447505639739,999.2530836730355,165.0718266190992,0.8199172100082139,0,0
799,1.6606962442382747,0.5409281744569281,9.99896617379971,0.8717855608365337,999.1996031050501,81.87649762849671,1.2842826900314122,0,0
800,1.055135061678497,0.24496225655846915,9.999553004709355,0.5240052478461673,999.2207061226435,138.7018791660151,0.8895779689653219,0,0
801,0.5413304225844336,0.10079252836585853,9.999940123873001,0.5030343123286178,999.7095687808177,287.04434949126164,0.6943841035289193,0,0
802,0.7876825772126363,0.17865284403472392,9.996858776968208,0.5800434126975336,999.535996847211,186.0442393518211,0.782596530742682,0,0
803,1.2965346026535833,0.33724610609051076,9.999890210633799,0.5201822390363664,998.8631441940989,109.88461773678898,1.0208926539273488,0,0
804,0.5685628944681044,0.1020985159291887,9.999938974748202,0.5318190884570284,999.7436007159658,276.9329990553109,0.6995675204948457,0,0
805,1.0601633191842195,0.2791518392144102,9.985558908943279,0.5183939372442639,999.7727267038251,133.24723417961886,0.9089136903912449,0,0
806,0.6091372268745318,0.12053325177427777,9.999817412945657,0.823040858028721,999.0171226448418,250.29583187458644,0.7160313640165579,0,0
807,1.8935051265241127,0.5761891537955256,9.99837880429338,0.5178198385476747,999.8292644895782,73.27059879895907,1.4259969759191682,0,0
808,0.5781209416345904,0.10619064222019359,9.99913928751902,0.5540231791870072,999.5296721686906,270.2549900037341,0.7033189888264311,0,0
809,0.9387523553436197,0.22917968539813688,9.999213889550946,0.6083517839493069,999.9765318079271,153.27968591189722,0.8468198958853755,0,0
810,0.9648102435490539,0.22833472940589572,9.998367004541846,0.5176958004591018,998.4455968774322,150.54572601803554,0.8540335310253,0,0
811,0.8637951173109104,0.20636297523313468,9.99618607805001,0.5027883944917565,999.9615913549965,167.32591169852412,0.8152973981873731,0,0
812,0.743476765864608,0.1573005548427885,9.999692374013044,0.8486092774603384,999.5420869592288,201.24539061335213,0.7616251266831184,0,0
813,0.6543836669035711,0.13000331920197314,9.99924123424752,0.5256124842573358,999.7168830880835,232.8415578630583,0.7293006180029611,0,0
814,2.999921959456379,1.9987780049311672,1.9551029743515815,0.5210458800639599,999.5632400380308,39.027997396763496,5.006772514327432,0,0
815,1.0730543834154653,0.2739261340271806,9.999628934114302,0.5503818052977696,999.9595178232294,132.80807851201547,0.9097025258429863,0,0
816,1.4476031091496602,0.42330491926321506,9.996745145855678,0.6063474054996512,999.7397072078977,95.82363382843128,1.1261745056256203,0,0
817,2.999634211903155,1.9981079476928925,0.957393161684666,0.505824845012114,999.456938500307,38.73051566848026,7.671293965914062,0,0
818,0.7316401802781296,0.14466863427037852,9.994431134175311,0.5911261227259013,999.3084765487931,208.9192458617861,0.7529767187824492,0,0
819,2.781111509868645,1.1718758684732262,9.998155745537646,0.5237294603896105,999.8502046025502,47.59436624739852,2.346232330301766,0,0
820,2.999482882203586,1.995347961849977,5.110738276793045,0.5215509545137795,977.5203367939671,39.98826896141717,3.427840511803111,0,0
821,1.2028187634445549,0.3060547841166258,9.999042039054885,0.6971657303476857,997.4560756392079,118.95107921273852,0.9703462825903043,0,0
822,0.5772865525899805,0.10318763531769956,9.999688080289305,0.5315543955503891,999.9085037446805,273.2412511158154,0.7016075291638179,0,0
823,0.8229480400079828,0.1851194021476139,9.99958610577139,0.6205584698644818,998.101341021179,178.65753133564877,0.7943571451989868,0,0
824,0.8476218467281902,0.19960654792581278,9.998200011205796,0.6279052091122818,999.7112616487818,171.20073644247597,0.8076915910374807,0,0
825,0.856673695520526,0.18115233505120984,9.993704177299144,0.5018085668571148,999.5409339234966,175.03119170014148,0.8010205577534334,0,0
826,2.4916961735620715,1.1323004016509028,9.998032121114303,0.5975205635377095,999.7942810657727,52.083796348888335,2.097551663464186,0,0
827,2.3743926130910777,0.8694441593180002,9.996799090400758,0.5108507481111214,998.2341431133084,56.71884508328924,1.8807201166150342,0,0
828,0.5510101475925471,0.10397879020665168,9.999871125986983,0.5315822749093392,999.2762429199958,280.76459851041875,0.6976100944278855,0,0
829,2.0622781816254827,0.7258813796581148,9.999803416923044,0.6479498381600581,996.977026489113,65.3959500883804,1.601202427896264,0,0
830,0.7339805790508402,0.14818901669057,9.999261307814141,0.5008420150908686,998.8666988210368,206.82471808920252,0.755054027947457,0,0
831,1.0824266125728979,0.2708054672128204,9.99985983762968,0.6417520830254562,999.321436390699,132.44020078066748,0.9112247500011136,0,0
832,1.0814933953252555,0.2604990359952197,9.999505195406474,0.5253474155281954,999.9337246927637,133.95751384280962,0.9057250820413213,0,0
833,0.8701876542458086,0.20957474976031004,9.999182868417204,0.6618431139475068,999.1675324458275,165.7655369991857,0.8184955339517396,0,0
834,0.5546924051785331,0.10062777047701704,9.998978473843664,0.5180588493787095,999.9460723764644,282.7595471058441,0.6965229094720368,0,0
835,2.9994814432628756,1.9536967826996205,6.592679015670413,0.5177096629690193,968.0772179544949,40.53894325289083,3.1880962997503817,0,0
836,1.0431607664196545,0.2699515165053603,9.999240887746806,0.5817477915715683,998.8863882985688,136.02231172779622,0.8983528597579035,0,0
837,0.6816648806933769,0.1409860162499872,9.99987902949725,0.5668191671000546,999.2874759053201,220.74199863936695,0.7402704113736351,0,0
838,0.6045364993193981,0.12124824378426934,9.996812270575044,0.6639744928860325,999.7922616621078,251.0232441461257,0.7156239941892888,0,0
839,1.5067635013274336,0.4597027824508659,9.999896717056522,0.579255547670869,998.0159093032493,91.23642176838517,1.1706057962796976,0,0
840,0.7092501257437017,0.14360161153638049,9.999925698614089,1.2044786319571568,999.9232262122703,213.87195770674433,0.7472675599634477,0,0
841,1.764034371013628,0.5194213780533521,9.99991378369464,0.5306344093297275,998.584514661024,79.04653067624544,1.326629338374508,0,0
842,0.7896141515883011,0.1740357911921184,9.994232600800295,0.5080543444741699,998.8753699769726,187.2034592753248,0.7809425978487387,0,0
843,1.7676034253435975,0.5661400228268186,9.996922356816615,0.5283946860876968,999.5558421226254,77.34200626046831,1.3519316568636848,0,0
844,2.0918643100560868,0.6877251021235974,9.998433655831562,0.6871496903736063,999.9234389741181,65.48190152347912,1.600332980981069,0,0
845,0.6332016160713777,0.1247024717297874,9.9980916827697,0.526033778711432,999.3067416945956,241.22308844458453,0.7226576868521578,0,0
846,2.0833077264980444,0.7134418381335306,9.996006513917497,0.5291541284794841,998.4813937448438,65.1217823050678,1.60809842722813,0,0
847,1.1291154929528302,0.2695819428703539,9.99936954544854,0.5324042745177964,999.4055331462773,128.76566370426562,0.9261172476596335,0,0
848,0.6801073764366936,0.14105042951888033,9.999910552274319,0.6388023111940487,999.4416055222885,221.05996847514535,0.7399674643539005,0,0
849,0.6575296999118876,0.13122794138080068,9.997963788695028,0.6808776045560301,999.8990319571816,231.4232329577413,0.7305776957544254,0,0
850,0.5833210310745786,0.1093886514961834,9.999664033342775,0.5246868048677525,999.8332756536934,265.95418474977873,0.7057673136542212,0,0
851,0.504654892776847,0.10074825662696495,9.999896816757381,0.6220868770577517,998.7308608615576,300.5369045099081,0.6887078468393308,0,0
852,0.7791662753270572,0.16696408726204137,9.997837659086137,0.7159949844310408,999.3855217987407,191.3779800611251,0.774716682353105,0,0
853,2.9998673595822494,1.9932675157410238,2.8556757423808383,0.5138209175375748,999.7610132885824,39.311162147084794,4.19743735797259,0,0
854,0.6981238133435068,0.14347733564715637,9.998747806555778,0.5209647468137266,999.5193467946158,216.04230354602842,0.7449559025847037,0,0
855,2.9998331858593676,1.9978330686021504,5.651751472535802,0.5200239950827351,965.5264541106476,40.14014037198115,3.337018351322086,0,0
856,0.5801394803702585,0.1137044963244175,9.998718455631636,0.6380344857439824,999.9580354341593,263.44683251309084,0.7074048027287942,0,0
857,2.1496568008236574,0.7955111404623156,9.994922705505125,0.5878732444177864,999.7726496561181,62.205639291794085,1.6911859583194668,0,0
858,0.5456056237340617,0.10079430166133861,9.999928202700772,0.5296575022523689,999.8305359798779,285.6004360381153,0.6950705144932446,0,0
859,1.1932048051044144,0.32896391905777056,9.999880962923983,0.5999166643882053,999.7695009059595,117.32632738591134,0.9780716227157878,0,0
860,1.5067635013274336,0.47287905002383374,9.996084789652118,0.5390935310259588,999.6662007573234,90.62111659688522,1.1772191906137486,0,0
861,0.5788112660010487,0.1120486787304653,9.998342703679791,1.1711257448119812,999.9158569537343,265.24854075772504,0.7063690051768268,0,0
862,1.5489032809104222,0.4871564831188224,9.996883156281474,0.5846304306019823,999.8042807352284,88.20508652973761,1.2036189141341465,0,0
863,0.6730577804695652,0.13883855092974523,9.99990988408133,0.5586631752178967,999.7073904986404,223.71346438866644,0.7374040671936777,0,0
864,1.4593536624208503,0.4645798186418437,9.996112295692932,0.531641359485306,999.7385102111612,93.15347430315958,1.151967492758426,0,0
865,1.2723857569549764,0.36304012869511443,9.99665468600312,0.527404853478178,998.2014599094633,109.24215929941649,1.024712391263568,0,0
866,0.7526818572509569,0.15066241587895393,9.998521715591092,0.9578374587301486,999.2830282572493,202.42293552395643,0.7604563784393796,0,0
867,2.0110261807296697,0.6979493522239032,9.999959837664,0.7258333571699467,999.6411246448076,67.19869868025509,1.5556465295931359,0,0
868,0.8532921006026368,0.19249565856652867,9.999612901518816,0.620860497225743,999.9703019166668,172.26644225113867,0.8054862661957413,0,0
869,0.5833210310745786,0.1093886514961834,9.999664033342775,0.6116993575996413,999.8333065358736,265.9715872603251,0.7057673105649732,0,0
870,2.1034831197020045,0.7839049217154093,9.998742139858692,0.5692164419417263,998.4978901189027,63.41031111063018,1.6558619839684727,0,0
871,2.1099393444330614,0.7955111404623156,9.999024138585641,0.5878732444177864,999.9007208264476,63.08254346498932,1.665590902544949,0,0
872,0.7947247994796537,0.17940922298447243,9.999540306399043,0.6863512704818806,999.9331106765312,184.7053481735868,0.784472412644915,0,0
873,0.9617662007990553,0.2268646633768604,9.995963487069037,0.5276556578493912,995.1722897618569,151.15883700249913,0.8528684855938302,0,0
874,0.77787120218573,0.18544376144502903,9.997855769210949,0.641626129231504,999.4933502058855,185.60837305514397,0.7836423469958316,0,0
875,2.4682240443455856,0.8676771640298857,9.996125722784608,0.5113609849172189,994.0808852711698,55.1410943898353,1.9484472968442172,0,0
876,1.1271904831949944,0.2930625867060912,9.986277411603478,0.5253915311827194,998.9510071690863,125.93951560767958,0.937907132861898,0,0
877,0.7056656530698425,0.14163034282895745,9.999810269843229,1.1383842768612207,999.2270229735524,215.54412942940112,0.7455966176888951,0,0
878,0.5136558375546713,0.10139733391583775,9.999125846315811,0.5176601912879136,999.7874014989109,296.40807653585375,0.6903399907521666,0,0
879,0.7392850958605633,0.1597508900523649,9.999045477412134,1.2211434718994039,999.8482430045473,201.10721628574206,0.7619197216587252,0,0
880,2.999480029412986,1.9961051694722471,5.11971013829518,0.5199565748277366,977.5195727000327,39.98877221774567,3.426502183536853,0,0
881,0.5717610300552971,0.10628646668781165,9.99880564225226,0.6623624604570237,999.8588443654886,272.11571340263754,0.7022536772443049,0,0
882,1.0133503811546272,0.26335670267714145,9.996241992282854,0.6461749076469413,999.8168891902507,139.78197172385464,0.8859164860465646,0,0
883,0.7102949442606843,0.1444028762608313,9.999825259914507,0.5450046593738949,999.6608643924512,213.1462323282891,0.7479219365296595,0,0
884,2.049825758284495,0.7237629951359525,9.998909475571496,0.7109254317732833,996.9715060411074,65.74316988233959,1.5925076449948181,0,0
885,0.7698818156901609,0.176068984255217,9.999762067013815,0.6612592740886559,999.3899293856006,189.81816698359697,0.7770151348823171,0,0
886,0.501154830732915,0.10011914669488454,9.998703706931389,0.5719033351843956,999.7889673948562,302.5341190301774,0.6878189287738117,0,0
887,1.3939788154918846,0.4165179558879155,9.99533819452949,0.6280556838014264,997.0225020265087,98.86988305507086,1.1002673566306875,0,0
888,0.7968308026521465,0.17515389538150763,9.999278006725486,0.7653418764376535,999.9047449999647,185.7426580892194,0.78286347557677,0,0
889,1.7990056864202755,0.5740003493221612,9.999028657311703,0.5340667078599561,997.3519523207957,76.1143753318538,1.3727774733247138,0,0
890,1.013829834602487,0.2634908906124437,9.996257093441079,0.647272430225292,999.8168891902507,139.716189843418,0.8861286151712049,0,0
891,0.5012556800682275,0.1000258152869327,9.998769282279328,0.5078912720049595,999.4907223274181,302.57438661351966,0.6878139933407104,0,0
892,0.6242898678295987,0.12102829683344926,9.999551923466209,0.6650252597657254,999.7821591691478,245.9401767557463,0.7190190179381086,0,0
893,1.749661951064581,0.537183106302497,9.999058719153368,0.5432760295693931,998.9345573295572,78.87789680128103,1.32794282097944,0,0
894,0.5724345820404889,0.10788626665239387,9.9990466382651,1.2320388464236558,999.9630853045963,270.62877585641115,0.7031467001710635,0,0
895,2.2644133010240703,0.8340569235911814,9.99827386482558,0.6662524027134498,999.6122840493593,59.28387144388964,1.7862887097660662,0,0
896,1.1014665701216244,0.3022470177369211,9.98841089389975,0.5562493610196053,999.9558115564531,126.98134211313543,0.9336923462934777,0,0
897,0.754201489501584,0.17763474033503177,9.999690790945367,0.7630034515041176,999.7768229782713,192.03836516786393,0.7741781367973578,0,0
898,2.5977060524381215,1.0207408294682219,9.998861187588616,0.5442984358911005,999.5804198665776,51.400826721661964,2.122680847696415,0,0
899,0.7109260168067107,0.14870047125386535,9.999976889732487,0.518679437414818,999.9936700392728,211.01462411113724,0.7501643943489567,0,0
900,0.6555813572133937,0.12922110783365134,9.999931698922632,0.5126659139275697,998.8753699769726,233.0256198532991,0.7291945960068569,0,0
901,0.8871299494862889,0.21659275013894908,9.997029696834487,0.6405613180935394,999.7815651509737,162.01987538768202,0.8265167147030168,0,0
902,0.5939532661124154,0.11008136472460626,9.999603106227404,0.5818164980616847,999.9017353422668,262.32155587599567,0.7079874276188909,0,0
903,0.7947247994796537,0.17940922298447243,9.999561228007693,0.6752467602394481,999.8803315585999,184.70313354802093,0.7844766453670595,0,0
904,1.7634401037557756,0.5658776207890808,9.99965073404822,0.5303987147612343,999.3223225822429,77.4849818115583,1.3494822379297986,0,0
905,0.8534283851156362,0.20829604520568318,9.999643388201246,0.5115242449940192,999.7742556481255,168.2852386659936,0.8134394346392136,0,0
906,0.6046002056061108,0.11602956179326011,9.999447292689544,0.6087376658784087,998.584234301181,254.70506904658006,0.7130154063758175,0,0
907,0.6652630880874761,0.12911973412204772,9.996643925235805,0.6749638143078539,999.6835538516314,230.8979526975733,0.7311456282219051,0,0
908,0.7200009581645455,0.14247341191610594,9.999008156481436,0.5154959968162991,999.1437454647333,212.1800402913083,0.7491322088504581,0,0
909,0.6053299380791858,0.12123162640948287,9.998296553507418,0.563095594365854,999.850788203403,250.79799896698893,0.7156795735371427,0,0
910,1.5489032809104222,0.4871564831188224,9.997675748120203,0.5846304306019823,999.8042807352284,88.20532430728923,1.203579262970505,0,0
911,1.6816835155432734,0.4951038056893001,9.997838018812311,0.5948297686784598,999.4816341065264,82.78032278402688,1.2719208057210023,0,0
912,0.8939546017889904,0.21187923340874504,9.99596150105077,0.5124413301072792,999.9615913549965,162.16047756739394,0.8260186887531343,0,0
913,1.082363326265536,0.26115380227355645,9.995922438648668,0.5253474155281954,999.9337246927637,133.78587581977797,0.9065140458474731,0,0
914,1.9816019897172714,0.6555882281335362,9.998291501340695,0.5205103381504373,997.9714314627682,68.82128720508952,1.5170947896440083,0,0
915,1.7854729191941567,0.5862234052592137,9.99443140105521,0.5283354555780371,999.131975725506,76.16990992258218,1.371664197325583,0,0
916,0.8540800614081026,0.18711747511425797,9.999352407491203,0.5117172383322104,999.9643904945866,173.62955417889768,0.8030125930511647,0,0
917,2.5957116617956237,1.030710927857667,9.99966361681975,0.6659342161673767,999.9429956490887,51.360207458072,2.126035839090962,0,0
918,0.5973081883113041,0.11427483713227274,9.999561638258506,0.8689737817086103,999.2380160645585,258.09975367467473,0.7107521548873901,0,0
919,0.8908895704724931,0.19886136882849148,9.99851038444378,0.5079080903419662,998.9232114029232,165.63477978332162,0.818665605237043,0,0
920,2.999478892985105,1.9973770896261873,1.355650101375196,0.5027686328507464,810.7248401032781,38.852939060984966,6.159833345943236,0,0
921,0.6242898678295987,0.12102829683344926,9.999594994832005,0.6658776152008709,999.7821591691478,245.94036014824306,0.7190168641860901,0,0
922,1.111245791060668,0.29870177983782364,9.996534138142371,0.816169214671087,997.5170732362668,126.62949327477439,0.935003235019537,0,0
923,2.9994757401530436,1.9891252304204803,3.697120006114817,0.5201408404862538,998.8661261433012,39.57965918870608,3.796608369846837,0,0
924,2.999861701071708,1.9957480025344243,2.699617231387692,0.5019900390100889,999.3155384420724,39.255805877318515,4.299932447124785,0,0
925,0.5688285018677525,0.10316167251775607,9.99973518080956,0.5315822749093392,999.852808494962,275.84137361643565,0.7001436785669788,0,0
926,1.4354337959833472,0.394424577460028,9.999649228836557,0.7293771920625159,999.1956251265855,98.16451139069441,1.1063808575424057,0,0
927,2.2065171424262813,0.9062431542066648,9.990170032719297,0.5928041297961106,999.3311527894239,59.47046940644434,1.783988173543859,0,0
928,0.662802825213781,0.12960583088072894,9.999985765613522,0.5292464548935388,999.6765892010983,231.1372997768876,0.7307321164701355,0,0
929,0.7314370472163003,0.14720206700406074,9.997938273583552,0.6816363647759085,999.9278954235982,207.78670314961627,0.7539613751644745,0,0
930,0.7512510216248092,0.15208942200743597,9.999672087860409,0.55144232752361,999.7416879373856,201.972282255888,0.7607436596526926,0,0
931,0.9112728490801811,0.20654996262283945,9.997039603874946,0.6748899024620632,999.3868516691937,161.28514353688897,0.828047128222215,0,0
932,1.881513376325165,0.647271636670817,9.998984700154695,0.6070120784646889,999.9146780561794,71.7192673822959,1.4547090091983719,0,0
933,2.6723980187987486,0.944529122105358,9.996125722784608,0.522131534494488,999.4813207316439,51.110125788658365,2.143766920468193,0,0
934,2.359519273857014,0.8727613173123885,9.997141990335246,0.5006400605542387,999.739679534334,56.938671342264584,1.8716493193726194,0,0
935,0.9877220739460525,0.25200558842560183,9.999170024307466,0.644272135799328,999.2388275538615,144.05331986448482,0.8724597059731531,0,0
936,1.1991763814282546,0.3248802823245901,9.9985697740624,0.5368145005510565,999.998400097496,117.27807134665287,0.97821542174518,0,0
937,1.1193179155941473,0.2690663324183727,9.999723911356831,0.5149811266737206,999.1710202729552,129.60859274595708,0.9225608271984425,0,0
938,0.9617662007990553,0.2305987327354602,9.999741113909883,0.6556930493905047,998.0751819408061,150.47180724511398,0.8542542977701534,0,0
939,0.9871102808839913,0.2320981135630755,9.994417511357927,0.5000542036590635,999.8387335076045,147.48936683562812,0.8625024723659521,0,0
940,1.9097504403152397,0.6055591084636107,9.999491016746727,0.5230334855382253,999.982518162523,71.98098123020398,1.449878764546802,0,0
941,1.1208474957414878,0.31204383630718624,9.998769282279328,0.5505636582062502,999.0405004815658,124.37472649251208,0.9446243700245802,0,0
942,1.1566901193191443,0.29870177983782364,9.996534138142371,0.816169214671087,999.4961386463292,123.09397950196943,0.9502644594489811,0,0
943,0.5309991102738051,0.10260058261538965,9.999919788362178,0.5292311921422033,999.7554804052032,288.8953883437748,0.6936227681284168,0,0
944,1.6348033076839636,0.5194213780533521,9.999592253869686,0.5306344093297275,998.584514661024,83.52763462913751,1.2607601045644548,0,0
945,0.7092501257437017,0.14360161153638049,9.999144289009742,1.2044786319571568,999.9261121288392,213.87172328386302,0.7473063454424397,0,0
946,0.8559350488727115,0.19168352216833473,9.999268711905197,0.565848525411414,996.2545949275484,172.11357027186844,0.806147997933314,0,0
947,0.6907359017478747,0.14000649930218137,9.999021603958678,0.5185547679727448,999.2719773079235,219.3018052192328,0.7416924424439629,0,0
948,0.5405069677766878,0.10332445672474794,9.998540088623468,0.5101820355310234,999.2956732405745,284.89559684940014,0.6956278842402607,0,0
949,0.8083103764313531,0.17684554403615846,9.997962035862704,0.5041810277462683,999.803098526802,183.36159803587702,0.7865492347177578,0,0
950,0.5242059235780209,0.1010840380099411,9.999986866430197,0.6761919988625993,999.9083501786032,292.8275489952683,0.6917706190536517,0,0
951,0.7937066395523003,0.17395737972324554,9.999748012458404,0.5448837001661044,999.79738122503,186.58538073730833,0.7815070899903757,0,0
952,0.5188696772279969,0.10075714704439478,9.999935029639916,0.602621415236856,999.8886806238252,295.09566909526393,0.690776816530266,0,0
953,1.2999120730118952,0.3753718165687079,9.996994296564187,0.7250840048319266,999.3072574836594,106.71264771249614,1.0413712705494247,0,0
954,0.6057397485641837,0.11530044882062232,9.99908112346008,0.5101634975245048,999.3291285390346,254.91908801667026,0.712801401091118,0,0
955,2.714305956343833,1.115258627649634,9.950183187130436,0.5313372736366003,981.18630472553,48.899682973862355,2.2671685925935874,0,0
956,1.0716500425291533,0.2587393598192331,9.999628934114302,0.559472949243376,999.7910460813615,135.0747602929827,0.9016742056992373,0,0
957,0.586805597549366,0.10609406040161516,9.999870023023176,0.5002949630544811,999.2178834866027,267.77019242472886,0.704782923401254,0,0
958,1.743706062628002,0.5333668103227421,9.99775482041648,0.7876524651066099,998.9418031490861,79.254795367557,1.3229782460589807,0,0
959,2.1011205620056663,0.7706175291543597,9.999020740756846,0.5669665739834702,998.1314269274573,63.683357069955676,1.6477510818644343,0,0
960,0.5508005226609982,0.10228845652291135,9.99956496744424,0.5022721188340834,999.9690443036193,282.41699690822327,0.6966762588655624,0,0
961,1.1291154929528302,0.27190080390526594,9.999355389994633,0.5229522587753123,999.4247250093927,128.4474149799608,0.9272754646068038,0,0
962,1.395094341130506,0.4244931948179593,9.999762838267896,0.5140751497181953,999.7452674455682,98.33998781616413,1.104227168620938,0,0
963,0.5685628944681044,0.10580246877562166,9.999201346889732,0.6239589006740708,999.6538912819956,273.5223420581136,0.7014653578327776,0,0
964,0.504654892776847,0.10074825662696495,9.999564819812097,0.6132976389532118,998.7308608615576,300.53504706320354,0.6887244475803108,0,0
965,1.0289946898134483,0.24735489013763948,9.998747806555778,0.5268002324374841,999.5394507429476,140.7149590251342,0.8826106494776361,0,0
966,2.639749871792528,0.9854620602767505,9.99331991328715,0.5355947339542848,976.6766644378735,51.13501607918941,2.1406951959755935,0,0
967,1.5943847739118575,0.49557351433477403,9.999626632742618,0.578463620674444,999.2738956671891,86.01433891782625,1.2291875105139338,0,0
968,0.534793521537762,0.10013558262006354,9.999525343365404,0.5719033351843956,999.7858004400523,289.96689344417194,0.6930135664152467,0,0
969,0.7609055875045914,0.156471793771648,9.99439710537719,0.5238963770268676,999.1884318200669,198.4347298748801,0.7654440183672361,0,0
970,0.7778730438585615,0.16404521059016547,9.998581915105605,0.566023536548738,999.519106398979,192.62726669388047,0.7729046029474139,0,0
971,0.6484923363825768,0.12977816393621297,9.995901988425928,1.2286462599827506,999.9580354341593,234.50289201278383,0.7281796097344628,0,0
972,0.8529713105713691,0.19061023668225877,9.995030010299633,0.7490483568080127,999.9485846057041,172.84863553292777,0.804692891694021,0,0
973,1.0601633191842195,0.2791518392144102,9.997400590102034,0.5183995084773605,999.7727267038251,133.25078779821314,0.9083205958932089,0,0
974,2.9994909685526197,1.9957149494491666,1.5900906966245296,0.5255499354500934,995.7107168326987,38.93186302195314,5.592304882556761,0,0
975,1.0187531001201078,0.26392173455349277,9.994354142533494,0.5539357603649474,999.3629592614013,139.15832464793152,0.8879857461511067,0,0
976,2.3825716973596656,0.944529122105358,9.996125722784608,0.522131534494488,999.4768515912664,55.662004748170844,1.924007876175178,0,0
977,1.520335917085114,0.40121960637720866,9.996422113887972,0.5841538628211382,999.3146337399005,93.81470126328335,1.1475705402712315,0,0
978,2.433156797438059,0.9702732849618143,9.964864602850028,0.5274700608598486,999.6303083104241,54.50020014865162,1.974974389561855,0,0
979,1.5181660584646768,0.436434018489631,9.999795953387247,1.3405455652804572,999.8666253009396,92.04996611397185,1.1639647781937825,0,0
980,1.5608802612017325,0.5233958410358736,9.998046561034236,0.5402416861510931,999.9494860102902,86.27987385924277,1.2272527416751002,0,0
981,0.5994823459408254,0.11458479866685994,9.997763908612262,0.6050092077668088,998.3384397157512,257.2025258518301,0.7114775239393061,0,0
982,0.9050495064832946,0.21642934064286376,9.999221339453007,0.6061107293167971,999.3229038585906,159.8166381298676,0.8311885532495497,0,0
983,1.3200252067011133,0.3811395653396643,9.987033657735243,0.5954149754432773,999.7796090814031,105.10843037236266,1.0526109674037272,0,0
984,2.9678756000682593,1.3200712913965482,9.999919618360916,0.5298691590098711,999.5296158741455,44.375432777462414,2.581329561983735,0,0
985,1.0300617303086488,0.24888857762503236,9.998157551420533,0.5279420746184483,999.3915077636685,140.3652176726987,0.8837513897271255,0,0
986,0.5696287271054238,0.1089564044081643,9.999578293805424,0.6391228492961423,999.2256144042645,270.46046949005705,0.7032483199879433,0,0
987,0.7758407592114973,0.17170611272327532,9.992755649829169,0.5423435841570772,999.4307835215498,190.23776929842776,0.7765618230785774,0,0
988,2.219571499388281,0.8408175279352984,9.999042493962708,0.5112735024288314,998.1465994311061,60.04889557982738,1.7596169741926522,0,0
989,0.5406315994043326,0.1026431963691401,9.999827878788116,0.8684314890098009,999.9965822360165,285.56734440407854,0.6951729251120349,0,0
990,1.520335917085114,0.4029463089488608,9.99655851709904,0.5008094972797883,999.6711745893768,93.69126914187044,1.1483913763329778,0,0
991,0.7215131080065726,0.14099937335515195,9.99612219255696,0.508096170632336,999.0521758412395,212.6203775047779,0.748875699357814,0,0
992,2.999479660355825,1.9951837061322129,3.9418128610041205,0.5224779753713612,980.0969795271859,39.6382251417975,3.717606204204198,0,0
993,0.720521234333535,0.14679854897994582,9.999030067871917,0.6880789929560353,999.4265595861303,210.0463040327163,0.7513777801131484,0,0
994,1.9097504403152397,0.6032403206670798,9.999505172200635,0.5324855012807095,999.9596988264141,72.04635254524159,1.448720944870263,0,0
995,0.5545481167899375,0.1009196756023325,9.998978473843664,0.5180588493787095,999.9460723764644,282.5190138084568,0.6966448544555726,0,0
996,0.5694153654653784,0.10316167251775607,9.99973518080956,0.5315822749093392,999.852808494962,275.6601867808033,0.7002438776506226,0,0
997,2.99977736172613,1.9958319277315448,3.296816858613852,0.5203926998795042,999.9057685763848,39.43937281514572,3.9643394445632967,0,0
998,0.9907576916646359,0.24888857762503236,9.99882451612432,0.5106438398382509,999.6176411208013,144.21325034369448,0.871781440968163,0,0
999,2.234240212985871,0.8340569235911814,9.946939228105718,0.6769007979044968,999.3435289581727,59.866996013016546,1.7685357423375696,0,0
